Site,Replicate,Season,Year,Nemertean,Donacidae,Dreissenidae,Mactridae,Mytilidae,Solenidae,Solecurtidae,Pharidae,Tellinidae,Veneridae,Ampharetidae,Bogueidae,Cossuridae,Cirratulidae,Capitellidae,Goniadidae,Hesionidae,Nephtyidae,Nereidae,Onuphidae,Orbiniidae,Phyllodocidae,Pilargidae,Pisionidae,Poecilochaetidae,Sabellaridae,Spionidae,Syllidae,Trochochaetidae,Tubificidae,Cypraeidae,Cochliopidae,Nassariidae,Neritidae,Olividae,Pyramidellidae,Anthuridae,Ancinidae,Leuconidae,Anamixidae,Ampeliscidae,Colomastigidae,Corophidae,Dexaminidae,Gammariidae,Haustoriidae,Ischyroceridae,Lysianassidae,Liljeborgiidae,Megaluropidae,Melitidae,Mysidae,Paguridae,Upogebiidae,Panopeidae,Peneaidae,Portunidae,Nematode,unknown amphipod,unknown decapod,unknown polychaete,Chironimidae,Anisoptera,Bug1,hipporiff,Coordinates (DMM),Temperature,Salinity,Salinity_class,Dissolved Oxygen,pH,abundance,richness,Site,Replicate,Season,Year,DF,SF,DS,H,PA,PR,OM,GC,FC,SC,PI,U,hippogriff,percent_clay,percent_silt,percent_sand
1,R1,Spring,2021,0,0,0,0,0,0,0,0,0,0,0,0,0,0,0,0,0,0,0,0,1,0,0,0,0,0,0,0,0,0,0,0,0,0,0,0,0,0,0,0,0,0,0,0,0,0,0,0,0,0,0,0,0,0,0,0,0,0,0,0,0,0,0,0,1,N 29˚18.704' W -89˚53.275',22.3,29.65,polyhaline,9.58,8.24,1,1,1,R1,Spring,2021,1,0,0,0,0,0,0,0,0,0,0,0,1,2.3809358,2.0713162,95.5477968
1,R2,Spring,2021,0,0,0,1,0,1,0,0,1,0,0,0,0,0,2,0,0,0,0,0,0,1,0,0,0,0,1,0,0,0,0,0,0,0,11,0,0,0,0,0,0,0,0,0,0,0,0,0,0,0,0,0,0,0,0,0,0,4,0,0,0,0,0,0,1,N 29˚18.704' W -89˚53.275',22.3,29.65,polyhaline,9.58,8.24,22,8,1,R2,Spring,2021,1,4,0,0,0,11,5,0,0,0,0,0,1,2.3809358,2.0713162,95.5477968
1,R3,Spring,2021,0,0,0,1,0,0,0,0,0,0,0,0,0,0,1,0,0,0,0,0,0,0,0,0,0,0,3,0,0,0,0,0,0,0,0,0,0,0,0,0,0,0,0,0,0,0,0,0,0,0,0,0,0,0,0,0,0,0,0,0,0,0,0,0,1,N 29˚18.704' W -89˚53.275',22.3,29.65,polyhaline,9.58,8.24,5,5,1,R3,Spring,2021,1,2,2,0,0,0,0,0,0,0,0,0,1,2.3809358,2.0713162,95.5477968
2,R1,Spring,2021,0,0,0,0,0,0,0,0,4,0,0,0,0,0,0,0,0,0,0,0,0,0,0,0,0,0,0,0,0,0,0,0,0,0,0,0,0,0,0,0,0,0,0,0,0,0,0,0,0,0,0,0,0,0,0,0,0,0,0,0,0,0,0,0,1,N 29˚28.917' W -89˚56.985',25.2,10.3,mesohaline,8.51,7.72,4,1,2,R1,Spring,2021,0,4,0,0,0,0,0,0,0,0,0,0,1,13.176932,28.531268,58.29178257
2,R2,Spring,2021,0,0,0,0,0,0,0,0,3,0,0,0,0,0,0,0,0,0,0,0,0,0,0,0,0,0,0,0,0,0,0,0,0,0,0,0,0,0,0,0,0,0,0,0,0,0,0,0,0,0,0,0,0,0,0,0,0,0,0,0,0,0,0,0,1,N 29˚28.917' W -89˚56.985',25.2,10.3,mesohaline,8.51,7.72,3,1,2,R2,Spring,2021,0,3,0,0,0,0,0,0,0,0,0,0,1,13.176932,28.531268,58.29178257
2,R3,Spring,2021,0,0,0,0,0,0,0,0,1,0,0,0,0,0,0,0,0,0,0,0,0,0,0,0,0,0,0,0,0,0,0,0,0,0,0,0,0,0,0,0,0,0,0,0,0,0,0,0,0,0,0,0,0,0,0,0,0,0,0,0,0,0,0,0,1,N 29˚28.917' W -89˚56.985',25.2,10.3,mesohaline,8.51,7.72,1,1,2,R3,Spring,2021,0,1,0,0,0,0,0,0,0,0,0,0,1,13.176932,28.531268,58.29178257
3,R1,Spring,2021,0,0,0,0,0,0,0,0,4,0,0,0,0,0,0,0,0,0,0,0,0,0,0,0,0,0,0,0,0,0,0,0,0,0,0,0,0,0,0,0,0,0,0,0,0,0,0,0,0,0,0,0,0,0,0,0,0,0,0,0,0,0,0,0,1,N 29˚28.559' W -89˚56.905',25.3,10.86,mesohaline,8.85,7.98,4,1,3,R1,Spring,2021,0,4,0,0,0,0,0,0,0,0,0,0,1,17.3749792,29.500928,53.12412292
3,R2,Spring,2021,0,0,0,1,0,0,0,0,4,0,0,0,0,0,0,0,0,0,1,0,0,1,0,0,0,0,0,0,0,0,0,0,0,0,0,0,0,0,0,0,0,0,0,0,0,0,0,0,0,0,0,0,0,0,0,0,0,0,0,0,0,0,0,0,1,N 29˚28.559' W -89˚56.905',25.3,10.86,mesohaline,8.85,7.98,7,4,3,R2,Spring,2021,0,5,0,0,0,0,2,0,0,0,0,0,1,17.3749792,29.500928,53.12412292
3,R3,Spring,2021,0,0,0,0,0,0,0,0,2,0,0,0,0,0,0,0,0,0,0,0,0,0,0,0,0,0,0,0,0,0,0,0,0,0,0,0,0,0,0,0,2,0,0,0,0,0,0,0,0,0,0,0,0,0,0,0,0,0,0,0,0,0,0,0,1,N 29˚28.559' W -89˚56.905',25.3,10.86,mesohaline,8.85,7.98,4,2,3,R3,Spring,2021,0,2,2,0,0,0,0,0,0,0,0,0,1,17.3749792,29.500928,53.12412292
4,R1,Spring,2021,0,0,0,0,0,0,0,0,0,0,0,0,0,0,0,0,0,0,0,0,0,0,0,0,0,0,0,0,0,0,0,0,0,0,0,0,0,0,0,0,0,0,0,0,0,0,0,0,0,0,0,0,0,0,0,0,0,0,0,0,0,0,0,0,1,N 29˚29.894' W -90˚06.497',25,0.077,oligohaline,8.1,7.83,0,0,4,R1,Spring,2021,0,0,0,0,0,0,0,0,0,0,0,0,1,13.2297987,28.020749,58.7494746
4,R2,Spring,2021,0,0,0,0,0,0,0,0,0,0,0,0,0,0,0,0,0,0,0,0,0,0,0,0,0,0,0,0,0,0,0,0,0,0,0,0,0,0,0,0,0,0,0,0,0,0,0,0,0,0,0,0,0,0,0,0,0,0,0,0,0,0,0,0,1,N 29˚29.894' W -90˚06.497',25,0.077,oligohaline,8.1,7.83,0,0,4,R2,Spring,2021,0,0,0,0,0,0,0,0,0,0,0,0,1,13.2297987,28.020749,58.7494746
4,R3,Spring,2021,0,0,0,0,0,0,0,0,0,0,0,0,0,0,0,0,0,0,0,0,0,0,0,0,0,0,0,0,0,0,0,0,0,0,0,0,0,0,0,1,0,0,0,0,0,0,0,0,0,0,0,0,0,0,0,0,0,0,0,0,0,0,0,0,1,N 29˚29.894' W -90˚06.497',25,0.077,oligohaline,8.1,7.83,1,1,4,R3,Spring,2021,0,1,0,0,0,0,0,0,0,0,0,0,1,13.2297987,28.020749,58.7494746
5,R1,Spring,2021,0,0,0,0,0,0,0,0,0,0,0,0,0,0,0,0,0,0,0,0,0,0,0,0,0,0,0,0,0,0,0,0,0,0,0,0,0,0,0,0,0,0,0,0,0,0,0,0,0,0,0,0,0,0,0,0,0,0,0,0,0,0,0,0,1,N 29˚33.928' W -90˚09.891',21.8,0.809,oligohaline,8.09,7.69,0,0,5,R1,Spring,2021,0,0,0,0,0,0,0,0,0,0,0,0,1,7.1531299,17.753442,75.0934696
5,R2,Spring,2021,0,0,0,0,2,0,0,0,0,0,0,0,0,0,0,0,0,0,0,0,0,0,0,0,0,0,0,0,0,0,0,0,0,0,0,0,0,0,0,0,0,0,0,0,0,0,0,0,0,0,0,0,0,0,0,0,0,0,0,0,0,0,0,0,1,N 29˚33.928' W -90˚09.891',21.8,0.809,oligohaline,8.09,7.69,2,1,5,R2,Spring,2021,0,2,0,0,0,0,0,0,0,0,0,0,1,7.1531299,17.753442,75.0934696
5,R3,Spring,2021,0,0,0,0,0,0,0,0,0,0,0,0,0,0,0,0,0,0,0,0,0,0,0,0,0,0,0,0,0,0,0,0,0,0,0,0,0,0,0,0,0,0,0,0,0,0,0,0,0,0,0,0,0,0,0,0,0,0,0,0,0,0,0,0,1,N 29˚33.928' W -90˚09.891',21.8,0.809,oligohaline,8.09,7.69,0,0,5,R3,Spring,2021,0,0,0,0,0,0,0,0,0,0,0,0,1,7.1531299,17.753442,75.0934696
6,R1,Spring,2021,0,0,0,2,0,0,0,0,1,0,0,0,0,0,0,0,0,0,0,0,0,0,0,0,0,0,0,0,0,0,0,0,0,0,0,0,0,0,0,0,0,0,0,0,0,0,0,0,0,0,0,0,0,0,0,0,0,0,0,0,0,0,0,0,1,N 29˚29.814' W -90˚02.512',23.9,5.203,mesohaline,8.38,7.89,3,2,6,R1,Spring,2021,0,3,0,0,0,0,0,0,0,0,0,0,1,8.6034726,18.342648,73.05388
6,R2,Spring,2021,0,0,0,0,0,0,0,0,1,0,0,0,0,0,0,0,0,0,0,0,0,0,0,0,0,0,0,0,0,0,0,0,0,0,0,0,0,0,0,0,0,0,0,0,0,0,0,0,0,0,0,0,0,0,0,0,0,0,0,0,0,0,0,0,1,N 29˚29.814' W -90˚02.512',23.9,5.203,mesohaline,8.38,7.89,1,1,6,R2,Spring,2021,0,1,0,0,0,0,0,0,0,0,0,0,1,8.6034726,18.342648,73.05388
6,R3,Spring,2021,1,0,0,1,0,0,0,0,1,0,0,0,0,0,0,0,0,0,0,0,0,0,0,0,0,0,0,0,0,0,0,0,0,0,0,0,0,0,0,0,0,0,0,0,0,0,0,0,0,0,0,0,0,0,0,0,0,0,0,0,0,0,0,0,1,N 29˚29.814' W -90˚02.512',23.9,5.203,mesohaline,8.38,7.89,3,3,6,R3,Spring,2021,0,2,0,0,0,1,0,0,0,0,0,0,1,8.6034726,18.342648,73.05388
7,R1,Spring,2021,0,0,0,0,0,0,0,0,3,0,0,0,0,0,0,0,0,0,0,0,0,0,0,0,0,0,0,0,0,0,0,0,0,0,0,0,0,0,0,0,0,0,0,0,0,0,0,0,0,0,0,0,0,0,0,0,0,0,0,0,0,0,0,0,1,N 29˚29.772' W -90˚00.640',24.1,5.897,mesohaline,8.01,7.79,3,1,7,R1,Spring,2021,0,3,0,0,0,0,0,0,0,0,0,0,1,10.7061448,23.779207,65.5146576
7,R2,Spring,2021,0,0,0,1,0,0,0,0,1,0,0,0,0,0,0,0,0,0,0,0,0,0,0,0,0,0,0,0,0,0,0,0,0,0,0,0,0,0,0,0,0,0,0,0,0,0,0,0,0,0,0,0,0,0,0,0,0,0,0,0,0,0,0,0,1,N 29˚29.772' W -90˚00.640',24.1,5.897,mesohaline,8.01,7.79,2,2,7,R2,Spring,2021,0,2,0,0,0,0,0,0,0,0,0,0,1,10.7061448,23.779207,65.5146576
7,R3,Spring,2021,0,0,0,0,0,0,0,0,1,0,0,0,0,0,0,0,0,0,0,0,0,0,0,0,0,0,0,0,0,1,0,0,0,0,0,0,0,0,0,0,0,0,0,0,0,0,0,0,0,0,0,0,0,0,0,0,0,0,0,0,0,0,0,0,1,N 29˚29.772' W -90˚00.640',24.1,5.897,mesohaline,8.01,7.79,2,2,7,R3,Spring,2021,1,1,0,0,0,0,0,0,0,0,0,0,1,10.7061448,23.779207,65.5146576
8,R1,Spring,2021,0,0,0,0,0,0,0,0,2,0,0,0,0,0,0,0,0,0,0,0,0,0,0,0,0,0,0,0,0,0,0,0,0,0,0,0,0,0,0,0,0,0,0,0,0,4,0,0,0,0,0,0,0,0,0,0,0,0,0,0,0,0,0,0,1,N 29˚17.422' W -89˚54.405',19.5,25.03,polyhaline,15.22,8.7,6,2,8,R1,Spring,2021,0,6,0,0,0,0,0,0,0,0,0,0,1,1.34263434,0.924597,97.73277001
8,R2,Spring,2021,0,0,0,0,0,0,0,0,7,0,0,0,0,0,0,0,0,0,0,0,0,0,0,0,0,0,0,0,0,0,0,0,0,0,0,0,0,0,0,0,0,0,0,0,0,0,0,0,0,7,0,1,0,0,0,0,0,0,0,0,0,0,0,0,1,N 29˚17.422' W -89˚54.405',19.5,25.03,polyhaline,15.22,8.7,15,3,8,R2,Spring,2021,0,7,0,0,0,1,7,0,0,0,0,0,1,1.34263434,0.924597,97.73277001
8,R3,Spring,2021,0,0,0,0,0,0,0,0,4,0,0,0,0,0,0,0,0,0,0,0,0,0,0,0,0,0,0,0,0,0,0,0,0,0,1,0,0,0,0,0,0,0,0,0,0,4,0,0,0,1,0,0,0,0,0,0,0,0,0,0,0,0,0,0,1,N 29˚17.422' W -89˚54.405',19.5,25.03,polyhaline,15.22,8.7,10,4,8,R3,Spring,2021,0,8,0,0,0,1,1,0,0,0,0,0,1,1.34263434,0.924597,97.73277001
9,R1,Spring,2021,0,0,0,0,0,0,0,0,0,0,0,0,0,0,0,0,0,0,0,0,0,0,0,0,0,0,0,0,0,0,0,0,0,0,0,0,0,0,0,0,0,0,0,0,0,11,0,0,0,0,0,0,0,0,0,0,0,0,0,0,0,0,0,0,1,N 29˚16.169' W -89˚57.383',19.9,23.69,polyhaline,12.41,8.53,11,1,9,R1,Spring,2021,0,11,0,0,0,0,0,0,0,0,0,0,1,1.07258349,0.5332591,98.39410596
9,R2,Spring,2021,0,0,0,0,0,0,0,0,0,0,0,0,0,0,0,0,0,0,0,0,0,0,0,0,0,0,0,0,0,0,0,0,0,0,0,0,0,0,0,0,0,0,0,0,0,9,0,0,0,0,0,0,0,0,0,0,0,0,0,0,0,0,0,0,1,N 29˚16.169' W -89˚57.383',19.9,23.69,polyhaline,12.41,8.53,9,1,9,R2,Spring,2021,0,9,0,0,0,0,0,0,0,0,0,0,1,1.07258349,0.5332591,98.39410596
9,R3,Spring,2021,0,1,0,0,0,0,0,0,0,0,0,0,0,0,0,0,0,0,0,0,0,0,0,0,0,0,0,0,0,0,0,0,0,0,0,0,0,0,0,0,0,0,0,0,0,4,0,0,0,0,0,1,0,0,0,0,0,0,0,0,0,0,0,0,1,N 29˚16.169' W -89˚57.383',19.9,23.69,polyhaline,12.41,8.53,6,3,9,R3,Spring,2021,0,5,0,0,0,1,0,0,0,0,0,0,1,1.07258349,0.5332591,98.39410596
10,R1,Spring,2021,0,0,0,0,0,0,0,0,0,1,0,0,0,0,0,0,0,0,2,0,0,0,0,0,0,0,0,0,0,0,0,0,0,0,0,0,0,0,0,0,0,0,0,0,0,0,0,0,0,0,0,0,0,0,0,0,0,0,0,0,0,0,0,0,1,N 29˚17.776' W -90˚00.969',21,23.22,polyhaline,11.77,8.58,3,4,10,R1,Spring,2021,7,2,0,0,0,1,0,0,0,0,0,0,1,14.3438078,24.499875,61.15632455
10,R2,Spring,2021,0,0,0,0,0,0,0,0,0,1,0,0,0,0,0,0,0,0,7,0,0,0,0,0,0,1,0,0,0,0,0,0,0,0,0,0,0,0,0,0,0,0,0,0,0,0,0,0,0,0,0,0,0,0,1,0,0,0,0,0,0,0,0,0,1,N 29˚17.776' W -90˚00.969',21,23.22,polyhaline,11.77,8.58,10,2,10,R2,Spring,2021,2,1,0,0,0,0,0,0,0,0,0,0,1,14.3438078,24.499875,61.15632455
10,R3,Spring,2021,0,0,0,0,0,0,0,0,0,0,0,0,0,0,0,0,0,0,5,0,0,0,0,0,0,0,2,0,0,0,0,0,0,0,0,0,0,0,0,0,0,0,0,0,0,0,0,0,0,0,0,0,0,0,0,0,0,0,0,0,0,0,0,0,1,N 29˚17.776' W -90˚00.969',21,23.22,polyhaline,11.77,8.58,7,2,10,R3,Spring,2021,5,2,0,0,0,0,0,0,0,0,0,0,1,14.3438078,24.499875,61.15632455
11,R1,Spring,2021,0,0,0,0,0,0,0,0,0,0,0,0,0,0,0,0,0,0,0,0,0,0,0,0,0,0,0,0,0,0,0,0,0,0,0,0,0,0,0,0,0,0,0,0,0,0,0,0,0,0,0,0,0,0,0,0,0,0,0,0,0,0,0,0,1,N 29˚17.287' W -90˚'02.707',25.8,14.07,mesohaline,8.04,7.76,0,0,11,R1,Spring,2021,0,0,0,0,0,0,0,0,0,0,0,0,1,21.93301,39.93597,38.13103378
11,R2,Spring,2021,0,0,0,1,0,0,0,0,0,0,0,0,0,0,0,0,0,0,0,0,1,0,0,0,0,0,0,0,0,0,0,0,0,0,0,0,0,0,0,0,0,0,0,0,0,0,0,0,0,0,0,0,0,0,0,0,0,0,0,0,0,0,0,0,1,N 29˚17.287' W -90˚'02.707',25.8,14.07,mesohaline,8.04,7.76,2,2,11,R2,Spring,2021,1,1,0,0,0,0,0,0,0,0,0,0,1,21.93301,39.93597,38.13103378
11,R3,Spring,2021,0,0,0,1,0,0,0,0,0,0,0,0,0,0,0,0,0,0,0,0,0,0,0,0,0,0,0,0,0,0,0,0,0,0,0,0,0,0,0,0,0,0,0,0,0,0,0,0,0,0,0,0,0,0,0,0,0,0,0,0,0,0,0,0,1,N 29˚17.287' W -90˚'02.707',25.8,14.07,mesohaline,8.04,7.76,1,1,11,R3,Spring,2021,0,1,0,0,0,0,0,0,0,0,0,0,1,21.93301,39.93597,38.13103378
12,R1,Spring,2021,0,0,0,0,0,0,0,0,0,0,0,0,0,0,0,1,0,0,0,0,3,0,0,0,0,0,0,0,0,0,0,0,0,0,0,0,0,0,0,0,0,0,0,0,0,0,0,0,0,0,0,0,0,0,0,0,0,0,0,0,0,0,0,0,1,N 29˚17.212' W -90˚08.380',24.1,14.26,mesohaline,8.59,8.39,4,4,12,R1,Spring,2021,6,2,0,0,0,2,0,0,0,0,0,0,1,13.249841,25.719914,61.030235
12,R2,Spring,2021,0,0,0,0,0,0,0,0,0,0,0,0,0,0,0,0,0,0,0,0,5,0,0,0,0,0,0,0,0,0,0,0,0,0,3,0,0,0,0,0,0,0,0,0,0,0,0,0,0,0,0,0,0,0,0,0,0,0,0,0,0,0,0,0,1,N 29˚17.212' W -90˚08.380',24.1,14.26,mesohaline,8.59,8.39,8,2,12,R2,Spring,2021,5,0,0,0,0,3,0,0,0,0,0,0,1,13.249841,25.719914,61.030235
12,R3,Spring,2021,0,0,0,0,0,0,0,0,2,0,0,0,0,0,0,0,0,0,0,0,5,0,0,0,0,0,0,0,0,1,0,0,0,0,2,0,0,0,0,0,0,0,0,0,0,0,0,0,0,0,0,0,0,0,0,0,0,0,0,0,0,0,0,0,1,N 29˚17.212' W -90˚08.380',24.1,14.26,mesohaline,8.59,8.39,10,2,12,R3,Spring,2021,2,0,0,0,0,0,1,0,0,0,0,0,1,13.249841,25.719914,61.030235
13,R1,Spring,2021,0,0,0,0,0,0,0,0,0,0,0,0,0,0,0,0,0,0,1,0,0,0,0,0,0,0,0,0,0,0,0,0,0,0,0,0,0,0,0,0,0,0,0,0,0,0,0,0,0,0,0,0,0,0,0,0,0,0,0,0,0,0,0,0,1,N 29˚19.412' W -89˚50.460',20,25.19,polyhaline,13.58,8.57,1,1,13,R1,Spring,2021,1,0,0,0,0,0,0,0,0,0,0,0,1,0,0,99.9999102
13,R2,Spring,2021,0,0,0,0,0,0,0,0,0,0,0,0,0,0,0,0,0,0,1,2,0,0,0,0,0,0,1,0,0,0,0,0,0,0,0,0,0,0,0,0,0,1,0,0,0,0,0,0,0,0,0,0,0,0,0,0,0,0,0,0,0,0,0,0,1,N 29˚19.412' W -89˚50.460',20,25.19,polyhaline,13.58,8.57,5,4,13,R2,Spring,2021,1,0,1,0,0,0,2,0,0,0,0,1,1,0,0,99.9999102
13,R3,Spring,2021,0,0,0,1,0,0,0,0,0,0,0,0,0,0,0,0,0,0,1,2,0,0,0,0,0,0,0,0,0,0,0,0,0,0,0,0,0,0,0,0,0,1,0,0,0,0,0,0,0,0,0,0,0,0,1,0,0,0,0,0,0,0,0,0,1,N 29˚19.412' W -89˚50.460',20,25.19,polyhaline,13.58,8.57,6,5,13,R3,Spring,2021,1,1,0,0,0,1,2,0,0,0,0,1,1,0,0,99.9999102
14,R1,Spring,2021,0,0,0,0,0,0,0,0,1,0,0,0,0,0,0,0,0,0,0,0,0,0,0,0,0,0,0,2,0,0,0,0,0,0,0,0,0,0,0,0,0,0,0,0,0,0,0,0,1,0,0,0,0,0,0,0,0,0,0,0,0,0,0,0,1,N 29˚19.201' W -89˚50.253',18.2,15.5,mesohaline,16.79,8.68,4,3,14,R1,Spring,2021,0,1,0,0,0,1,2,0,0,0,0,0,1,12.0239185,20.779487,67.19659609
14,R2,Spring,2021,0,0,0,0,0,0,0,0,1,0,0,0,0,0,0,0,0,0,0,0,0,0,0,0,0,0,0,0,0,0,0,0,0,0,0,0,0,0,0,0,0,0,0,0,0,0,0,0,0,0,0,0,0,0,0,0,0,0,0,0,0,0,0,0,1,N 29˚19.201' W -89˚50.253',18.2,15.5,mesohaline,16.79,8.68,1,1,14,R2,Spring,2021,0,1,0,0,0,0,0,0,0,0,0,0,1,12.0239185,20.779487,67.19659609
14,R3,Spring,2021,0,0,0,0,0,0,0,0,6,0,0,0,0,0,0,0,0,0,1,0,0,0,0,0,0,0,0,1,0,0,0,0,0,0,0,0,0,0,0,0,0,0,0,0,0,0,0,0,2,0,0,0,0,0,0,0,0,0,0,0,0,0,0,0,1,N 29˚19.201' W -89˚50.253',18.2,15.5,mesohaline,16.79,8.68,10,4,14,R3,Spring,2021,0,6,0,0,0,2,2,0,0,0,0,0,1,12.0239185,20.779487,67.19659609
15,R1,Spring,2021,0,0,0,3,0,0,0,0,1,0,0,0,0,0,0,0,0,0,0,0,3,0,0,0,0,0,0,0,0,0,0,0,0,0,26,0,0,0,0,0,0,0,0,0,0,0,0,0,0,0,0,0,0,0,0,0,0,0,0,0,0,0,0,0,1,N 29˚15.280' W -89˚58.607',20.3,27.84,polyhaline,10.48,8.47,33,5,15,R1,Spring,2021,5,8,0,0,0,49,0,0,0,0,0,0,1,15.0178421,24.425314,60.55683939
15,R2,Spring,2021,0,0,0,2,0,0,0,0,5,0,0,0,0,0,0,0,0,0,0,0,5,0,0,0,0,0,1,0,0,0,0,0,0,0,49,0,0,0,0,0,0,0,0,0,0,0,0,0,0,0,0,0,0,0,0,0,0,0,0,0,0,0,0,0,1,N 29˚15.280' W -89˚58.607',20.3,27.84,polyhaline,10.48,8.47,62,4,15,R2,Spring,2021,3,4,0,0,0,26,0,0,0,0,0,0,1,15.0178421,24.425314,60.55683939
15,R3,Spring,2021,0,0,0,7,0,0,0,0,0,0,0,0,0,0,0,0,0,0,0,0,4,0,0,0,0,0,0,0,0,0,0,0,1,0,37,0,0,0,0,0,0,0,0,0,0,0,0,0,0,0,0,0,0,0,0,0,0,0,0,0,0,0,0,0,1,N 29˚15.280' W -89˚58.607',20.3,27.84,polyhaline,10.48,8.47,49,4,15,R3,Spring,2021,4,7,0,0,0,38,0,0,0,0,0,0,1,15.0178421,24.425314,60.55683939
2,R1,Fall,2020,0,0,0,0,0,0,0,0,0,0,0,0,0,0,0,0,0,0,0,0,0,0,0,0,0,0,0,0,0,0,0,0,0,0,0,0,0,0,0,0,0,0,0,0,0,0,0,0,0,0,0,0,0,0,0,0,0,0,0,0,0,0,0,0,1,N 29˚28.916' W -89˚56.979',25.5,16.34,mesohaline,6.65,7.49,0,0,2,R1,Fall,2020,0,0,0,0,0,0,0,0,0,0,0,0,1,13.176932,28.531268,58.29178257
2,R2,Fall,2020,0,0,0,0,0,0,0,0,0,0,0,0,0,0,0,0,0,0,0,0,0,0,0,0,0,0,0,0,0,0,0,0,0,0,0,0,0,0,0,0,0,0,0,0,0,1,0,0,0,0,0,0,0,0,0,0,0,0,0,0,0,0,0,0,1,N 29˚28.916' W -89˚56.979',25.5,16.34,mesohaline,6.65,7.49,1,1,2,R2,Fall,2020,0,1,0,0,0,0,0,0,0,0,0,0,1,13.176932,28.531268,58.29178257
2,R3,Fall,2020,1,0,0,0,0,0,0,0,0,0,0,0,0,0,0,0,0,0,0,0,0,0,0,0,0,0,0,0,0,0,0,0,0,0,0,0,0,0,0,0,0,0,0,0,0,0,0,0,0,0,0,0,0,0,0,0,0,0,0,0,0,0,0,0,1,N 29˚28.916' W -89˚56.979',25.5,16.34,mesohaline,6.65,7.49,1,1,2,R3,Fall,2020,0,0,0,0,0,1,0,0,0,0,0,0,1,13.176932,28.531268,58.29178257
3,R1,Fall,2020,0,0,0,0,0,0,0,0,0,0,0,0,0,0,0,0,0,0,0,0,0,0,0,0,0,0,0,0,0,0,0,0,0,0,0,0,0,0,0,0,0,0,0,0,0,0,0,0,0,0,0,0,0,0,0,0,0,0,0,0,0,0,0,0,1,N 29˚28.561' W -89˚56.875',24.7,16.37,mesohaline,5.98,7.42,0,0,3,R1,Fall,2020,0,0,0,0,0,0,0,0,0,0,0,0,1,17.3749792,29.500928,53.12412292
3,R2,Fall,2020,0,0,0,0,0,0,0,0,0,0,0,0,0,0,0,0,0,0,0,0,0,0,0,0,0,0,0,0,0,0,0,0,0,0,0,0,0,0,0,0,0,0,0,0,0,0,0,0,0,0,0,0,0,0,0,0,0,0,0,0,0,0,0,0,1,N 29˚28.561' W -89˚56.875',24.7,16.37,mesohaline,5.98,7.42,0,0,3,R2,Fall,2020,0,0,0,0,0,0,0,0,0,0,0,0,1,17.3749792,29.500928,53.12412292
3,R3,Fall,2020,0,0,0,1,0,0,0,0,0,0,0,0,0,0,0,0,0,0,0,0,0,0,0,0,0,0,0,0,0,0,0,0,0,0,0,0,0,0,0,0,0,0,0,0,0,0,0,0,0,0,0,0,0,0,0,0,0,0,0,0,0,0,0,0,1,N 29˚28.561' W -89˚56.875',24.7,16.37,mesohaline,5.98,7.42,1,1,3,R3,Fall,2020,0,1,0,0,0,0,0,0,0,0,0,0,1,17.3749792,29.500928,53.12412292
4,R1,Fall,2020,0,0,0,0,0,0,0,0,0,0,0,0,0,0,0,0,0,0,0,0,0,0,0,0,0,0,0,0,0,0,0,0,0,0,0,0,0,0,0,0,0,0,0,0,0,0,0,0,0,0,0,1,0,0,0,0,0,0,1,0,0,0,0,0,1,N 29˚29.767' W -90˚06.375',22.7,16.09,mesohaline,7.76,7.91,2,2,4,R1,Fall,2020,0,0,0,0,0,1,0,0,0,0,0,1,1,13.2297987,28.020749,58.7494746
4,R2,Fall,2020,0,0,0,1,0,0,0,0,0,0,0,0,0,0,0,0,0,0,0,0,0,0,0,0,0,0,0,0,0,0,0,0,0,0,0,2,0,0,0,0,0,0,0,0,0,0,0,0,0,0,0,0,0,0,0,0,0,0,0,0,0,0,0,0,1,N 29˚29.767' W -90˚06.375',22.7,16.09,mesohaline,7.76,7.91,3,2,4,R2,Fall,2020,0,1,0,0,2,0,0,0,0,0,0,0,1,13.2297987,28.020749,58.7494746
4,R3,Fall,2020,0,0,0,0,0,0,0,0,0,0,0,0,0,0,0,0,0,0,0,0,0,0,0,0,0,0,0,0,0,0,0,0,0,0,0,0,0,0,0,0,0,0,0,0,0,0,0,0,0,0,0,0,0,0,0,0,0,0,0,0,0,0,0,0,1,N 29˚29.767' W -90˚06.375',22.7,16.09,mesohaline,7.76,7.91,0,0,4,R3,Fall,2020,0,0,0,0,0,0,0,0,0,0,0,0,1,13.2297987,28.020749,58.7494746
5,R1,Fall,2020,0,0,3,0,0,0,0,0,0,0,0,0,0,0,0,0,0,0,0,0,0,0,0,0,0,0,0,0,0,0,0,0,0,0,0,0,0,0,0,0,0,0,0,0,0,0,0,0,0,0,0,0,0,0,0,0,0,0,0,0,0,0,0,0,1,N 29˚33.928' W -90˚09.891',23.9,6.802,mesohaline,7.2,7.74,3,1,5,R1,Fall,2020,0,3,0,0,0,0,0,0,0,0,0,0,1,7.1531299,17.753442,75.0934696
5,R2,Fall,2020,1,0,0,0,0,0,0,0,0,0,0,0,0,0,0,0,0,0,2,0,0,0,0,0,0,0,0,0,0,0,0,0,0,0,0,0,0,0,0,0,0,0,0,0,0,0,0,0,0,0,0,0,0,0,0,0,0,0,0,0,0,0,0,0,1,N 29˚33.928' W -90˚09.891',23.9,6.802,mesohaline,7.2,7.74,3,2,5,R2,Fall,2020,1,0,0,0,0,1,0,0,0,0,0,0,1,7.1531299,17.753442,75.0934696
5,R3,Fall,2020,0,0,0,0,0,0,0,0,0,0,0,0,0,0,0,0,0,0,0,0,0,0,0,0,0,0,0,0,0,0,0,0,0,0,0,0,0,0,0,0,0,0,0,0,0,0,0,0,0,0,0,0,0,0,0,0,0,0,0,0,0,0,0,0,1,N 29˚33.928' W -90˚09.891',23.9,6.802,mesohaline,7.2,7.74,0,0,5,R3,Fall,2020,0,0,0,0,0,0,0,0,0,0,0,0,1,7.1531299,17.753442,75.0934696
6,R1,Fall,2020,0,0,0,0,0,0,0,0,0,0,0,0,0,0,0,0,0,0,1,0,0,0,0,0,0,0,0,0,0,0,0,0,0,1,0,0,0,0,0,0,0,0,0,0,0,0,0,0,0,0,0,0,0,0,0,0,0,0,0,0,0,0,0,0,1,N 29˚29.800' W -90˚02.503',24,15.01,mesohaline,6.96,7.79,2,2,6,R1,Fall,2020,1,0,0,1,0,0,0,0,0,0,0,0,1,8.6034726,18.342648,73.05388
6,R2,Fall,2020,0,0,0,0,0,0,0,0,0,0,0,0,0,0,0,0,0,0,3,0,0,0,0,0,0,0,0,0,0,0,0,0,0,1,0,0,0,0,0,0,0,0,0,0,0,0,0,0,0,0,0,0,0,0,0,0,0,0,0,0,0,0,0,0,1,N 29˚29.800' W -90˚02.503',24,15.01,mesohaline,6.96,7.79,4,2,6,R2,Fall,2020,3,0,0,1,0,0,0,0,0,0,0,0,1,8.6034726,18.342648,73.05388
6,R3,Fall,2020,0,0,0,0,0,0,0,0,0,0,0,0,0,0,0,0,0,0,0,0,0,0,0,0,0,0,0,0,0,0,0,0,0,1,0,0,0,0,0,0,0,0,0,0,3,0,0,0,0,0,0,0,0,0,0,0,0,0,0,0,0,0,0,0,1,N 29˚29.800' W -90˚02.503',24,15.01,mesohaline,6.96,7.79,4,3,6,R3,Fall,2020,2,0,0,1,0,0,0,0,0,0,0,0,1,8.6034726,18.342648,73.05388
7,R1,Fall,2020,0,0,0,0,0,0,0,0,0,0,0,0,0,0,0,0,0,0,0,0,0,0,0,0,0,0,0,0,0,0,0,0,0,0,0,0,0,0,0,0,0,0,0,0,0,0,0,0,0,0,0,0,0,0,0,0,0,0,0,0,0,0,0,0,1,N 29˚29.821' W -90˚00.614',24.5,14.75,mesohaline,7.37,7.73,0,0,7,R1,Fall,2020,0,0,0,0,0,0,0,0,0,0,0,0,1,10.7061448,23.779207,65.5146576
7,R2,Fall,2020,0,0,0,0,0,0,0,0,0,0,0,0,0,0,0,0,0,0,0,0,0,0,0,0,0,0,0,0,0,0,0,0,0,0,0,0,0,0,0,0,0,0,0,0,0,0,0,0,0,0,0,0,0,0,0,0,0,0,0,0,0,0,0,0,1,N 29˚29.821' W -90˚00.614',24.5,14.75,mesohaline,7.37,7.73,0,0,7,R2,Fall,2020,0,0,0,0,0,0,0,0,0,0,0,0,1,10.7061448,23.779207,65.5146576
7,R3,Fall,2020,0,0,0,0,0,0,0,0,0,0,0,0,0,0,0,0,0,0,0,0,0,0,0,0,0,0,0,0,0,0,0,0,0,0,0,0,0,0,0,0,0,0,0,0,0,0,0,0,0,0,0,0,0,0,0,0,0,0,0,0,0,0,0,0,1,N 29˚29.821' W -90˚00.614',24.5,14.75,mesohaline,7.37,7.73,0,0,7,R3,Fall,2020,0,0,0,0,0,0,0,0,0,0,0,0,1,10.7061448,23.779207,65.5146576
1,R1,Summer,2020,0,0,0,0,0,0,0,0,0,0,0,0,0,0,0,0,1,0,0,0,0,0,0,0,0,0,0,0,0,0,0,0,0,0,0,0,0,0,0,0,0,0,0,0,0,0,0,0,0,0,0,0,0,0,0,0,0,0,0,0,0,0,0,0,1,N 29˚19.426' W -89˚47.763',28.8,9.354,mesohaline,9.43,5.86,1,1,1,R1,Summer,2020,0,0,0,0,0,1,0,0,0,0,0,0,1,2.3809358,2.0713162,95.5477968
1,R2,Summer,2020,0,0,0,0,0,0,0,0,0,0,0,0,0,0,0,0,0,0,0,0,0,0,0,0,0,0,0,0,0,0,0,0,0,0,0,0,0,0,0,0,0,0,0,0,0,0,0,0,0,0,0,0,0,0,0,0,0,0,0,0,0,0,0,0,1,N 29˚19.426' W -89˚47.763',28.8,9.354,mesohaline,9.43,5.86,0,0,1,R2,Summer,2020,0,0,0,0,0,0,0,0,0,0,0,0,1,2.3809358,2.0713162,95.5477968
1,R3,Summer,2020,0,0,0,0,0,0,0,0,0,0,0,0,0,0,0,0,4,0,0,0,0,0,0,0,0,0,0,0,0,0,0,0,0,0,0,0,0,0,0,0,0,0,0,0,0,0,0,0,0,0,0,0,0,0,0,0,0,0,0,0,0,0,0,0,1,N 29˚19.426' W -89˚47.763',28.8,9.354,mesohaline,9.43,5.86,4,1,1,R3,Summer,2020,0,0,0,0,0,4,0,0,0,0,0,0,1,2.3809358,2.0713162,95.5477968
2,R1,Summer,2020,0,0,0,0,0,0,0,0,2,0,0,0,0,0,0,0,0,0,0,0,0,0,0,0,0,0,0,0,0,0,0,0,0,0,0,0,0,0,0,0,0,0,0,0,0,0,0,0,0,0,0,0,0,0,0,0,0,0,0,0,0,0,0,0,1,N 29˚28.937' W -89˚56.933',29.7,3.072,oligohaline,NA,7.62,2,1,2,R1,Summer,2020,0,2,0,0,0,0,0,0,0,0,0,0,1,13.176932,28.531268,58.29178257
2,R2,Summer,2020,0,0,0,0,0,0,0,0,1,0,0,0,0,0,1,0,0,0,0,0,0,0,0,0,0,0,0,0,0,0,0,0,0,0,0,0,0,0,0,0,0,0,0,0,0,0,0,0,0,0,0,0,0,0,0,0,0,0,0,0,0,0,0,0,1,N 29˚28.937' W -89˚56.933',29.7,3.072,oligohaline,NA,7.62,2,2,2,R2,Summer,2020,1,1,0,0,0,0,0,0,0,0,0,0,1,13.176932,28.531268,58.29178257
2,R3,Summer,2020,0,0,0,0,0,0,0,0,1,0,0,0,0,0,0,0,0,0,1,0,0,0,0,0,0,0,0,0,0,0,0,0,0,0,0,0,0,0,0,0,0,0,0,0,0,0,0,0,0,0,0,0,0,0,0,0,0,0,0,0,0,0,0,0,1,N 29˚28.937' W -89˚56.933',29.7,3.072,oligohaline,NA,7.62,2,2,2,R3,Summer,2020,1,1,0,0,0,0,0,0,0,0,0,0,1,13.176932,28.531268,58.29178257
3,R1,Summer,2020,0,0,0,0,0,0,0,0,2,0,0,2,0,0,3,0,0,0,0,0,0,0,0,0,0,0,0,0,0,0,0,0,0,0,0,0,0,0,0,0,0,0,0,0,0,0,0,0,0,0,0,0,0,0,0,0,0,0,0,0,0,0,0,0,1,N 29˚28.564' W -89˚56.878',30.4,4.333,oligohaline,NA,7.86,7,3,3,R1,Summer,2020,5,2,0,0,0,0,0,0,0,0,0,0,1,17.3749792,29.500928,53.12412292
3,R2,Summer,2020,0,0,0,0,0,0,0,0,2,0,0,3,0,0,11,0,0,0,0,0,0,0,0,0,0,0,0,0,0,0,0,0,0,0,0,0,0,0,0,0,0,0,0,0,0,0,0,0,0,0,0,0,0,0,0,0,0,0,0,0,0,0,0,0,1,N 29˚28.564' W -89˚56.878',30.4,4.333,oligohaline,NA,7.86,16,3,3,R2,Summer,2020,14,2,0,0,0,0,0,0,0,0,0,0,1,17.3749792,29.500928,53.12412292
3,R3,Summer,2020,0,0,0,0,0,0,0,0,0,0,0,4,0,0,5,0,0,0,0,0,0,0,0,0,0,0,0,0,0,0,0,0,0,0,0,0,0,0,0,0,0,0,0,0,0,0,0,0,0,0,0,0,0,0,0,0,0,0,0,0,0,0,0,0,1,N 29˚28.564' W -89˚56.878',30.4,4.333,oligohaline,NA,7.86,9,2,3,R3,Summer,2020,9,0,0,0,0,0,0,0,0,0,0,0,1,17.3749792,29.500928,53.12412292
4,R1,Summer,2020,0,0,0,0,0,0,0,0,0,0,0,0,0,0,0,0,0,0,0,0,0,0,0,0,0,0,0,0,0,0,0,0,0,0,0,0,0,0,0,0,0,0,0,0,0,0,0,0,0,0,0,0,0,0,0,0,0,0,0,0,0,0,0,0,1,N 29˚29.848' W -90˚6.3406',31,0.598,oligohaline,NA,8.26,0,0,4,R1,Summer,2020,0,0,0,0,0,0,0,0,0,0,0,0,1,13.2297987,28.020749,58.7494746
4,R2,Summer,2020,0,0,0,0,0,0,0,0,0,0,0,0,0,0,0,0,0,0,0,0,0,0,0,0,0,0,1,0,0,0,0,0,0,0,0,0,0,0,0,0,0,0,0,0,0,0,0,0,0,0,0,0,0,0,0,0,0,0,0,0,0,0,0,0,1,N 29˚29.848' W -90˚6.3406',31,0.598,oligohaline,NA,8.26,1,1,4,R2,Summer,2020,0,0,1,0,0,0,0,0,0,0,0,0,1,13.2297987,28.020749,58.7494746
4,R3,Summer,2020,0,0,0,0,0,0,0,0,0,0,0,0,0,0,0,0,0,0,0,0,0,0,0,0,0,0,0,0,0,0,0,0,0,0,0,0,0,0,0,0,0,0,0,0,0,0,0,0,0,0,0,0,0,0,0,1,0,0,0,0,0,0,0,0,1,N 29˚29.848' W -90˚6.3406',31,0.598,oligohaline,NA,8.26,1,1,4,R3,Summer,2020,0,0,0,0,0,1,0,0,0,0,0,0,1,13.2297987,28.020749,58.7494746
5,R1,Summer,2020,0,0,0,0,0,0,0,0,0,0,0,0,0,0,0,0,0,0,0,0,0,0,0,0,0,0,0,0,0,0,0,0,0,0,0,0,0,0,0,0,0,0,0,0,0,0,0,0,0,0,0,0,0,0,0,0,0,0,0,0,0,0,0,0,1,N 29˚33.928 W 90˚09.910',32.4,0.313,oligohaline,NA,8.14,0,0,5,R1,Summer,2020,0,0,0,0,0,0,0,0,0,0,0,0,1,7.1531299,17.753442,75.0934696
5,R2,Summer,2020,0,0,0,0,0,0,0,0,0,0,0,0,0,0,0,0,0,0,0,0,0,0,0,0,0,0,0,0,0,0,0,0,0,0,0,0,0,0,0,0,0,0,0,0,0,0,0,0,0,0,0,0,0,0,0,0,0,0,0,0,0,0,0,0,1,N 29˚33.928 W 90˚09.910',32.4,0.313,oligohaline,NA,8.14,0,0,5,R2,Summer,2020,0,0,0,0,0,0,0,0,0,0,0,0,1,7.1531299,17.753442,75.0934696
5,R3,Summer,2020,0,0,0,0,0,0,0,0,0,0,0,0,0,0,0,0,0,0,0,0,0,0,0,0,0,0,0,0,0,0,0,0,0,0,0,0,0,0,0,0,0,0,0,0,0,0,0,0,0,0,0,0,0,0,0,0,0,0,0,0,0,0,0,0,1,N 29˚33.928 W 90˚09.910',32.4,0.313,oligohaline,NA,8.14,0,0,5,R3,Summer,2020,0,0,0,0,0,0,0,0,0,0,0,0,1,7.1531299,17.753442,75.0934696
6,R1,Summer,2020,0,0,0,0,0,0,0,0,0,0,0,0,0,0,0,0,0,0,0,0,0,0,0,0,0,0,0,0,0,0,0,0,0,0,0,0,0,0,0,0,0,0,0,0,0,0,0,0,0,0,0,0,0,0,0,0,0,0,0,0,0,0,0,0,1,N 29˚29.815' W -90˚02.503',32.4,1.366,oligohaline,NA,8.27,0,0,6,R1,Summer,2020,0,0,0,0,0,0,0,0,0,0,0,0,1,8.6034726,18.342648,73.05388
6,R2,Summer,2020,0,0,0,0,0,0,0,0,0,0,0,0,0,0,0,0,0,0,0,0,0,0,0,0,0,0,0,0,0,0,0,0,0,0,0,0,0,0,0,0,0,0,0,0,0,0,0,0,0,0,0,0,0,0,0,0,0,0,0,1,0,0,0,0,1,N 29˚29.815' W -90˚02.503',32.4,1.366,oligohaline,NA,8.27,1,1,6,R2,Summer,2020,0,0,0,0,0,1,0,0,0,0,0,0,1,8.6034726,18.342648,73.05388
6,R3,Summer,2020,0,0,0,1,0,0,0,0,2,0,0,0,0,0,0,0,0,0,0,0,0,0,0,0,0,0,0,0,0,0,0,0,0,0,0,0,0,0,0,0,0,0,0,0,0,0,0,0,0,0,0,0,0,0,0,0,0,0,0,0,0,0,0,0,1,N 29˚29.815' W -90˚02.503',32.4,1.366,oligohaline,NA,8.27,3,2,6,R3,Summer,2020,0,3,0,0,0,0,0,0,0,0,0,0,1,8.6034726,18.342648,73.05388
7,R1,Summer,2020,0,0,0,1,0,0,0,0,0,0,0,0,0,0,0,0,0,0,0,0,0,0,0,0,0,0,0,0,0,0,0,0,0,0,0,0,0,0,0,0,0,0,0,0,0,0,0,0,0,0,0,0,0,0,0,1,0,0,0,0,0,0,0,0,1,N 29˚29.827' W -90˚00.592',31.2,2.182,oligohaline,NA,8.23,2,2,7,R1,Summer,2020,0,1,0,0,0,1,0,0,0,0,0,0,1,10.7061448,23.779207,65.5146576
7,R2,Summer,2020,0,0,0,1,0,0,0,0,1,0,0,2,0,0,0,0,0,0,0,0,0,0,0,0,0,0,0,0,0,0,0,0,0,0,0,0,0,0,0,0,0,0,0,0,0,0,0,0,0,0,0,0,0,0,0,0,0,0,0,0,0,0,0,0,1,N 29˚29.827' W -90˚00.592',31.2,2.182,oligohaline,NA,8.23,4,3,7,R2,Summer,2020,2,2,0,0,0,0,0,0,0,0,0,0,1,10.7061448,23.779207,65.5146576
7,R3,Summer,2020,0,0,0,1,0,0,0,0,0,0,0,3,0,0,2,0,0,0,0,0,0,0,0,0,0,0,0,0,0,0,0,0,0,0,0,0,0,0,0,0,0,0,0,0,0,0,0,0,0,0,0,0,0,0,0,0,0,0,0,0,0,0,0,0,1,N 29˚29.827' W -90˚00.592',31.2,2.182,oligohaline,NA,8.23,6,4,7,R3,Summer,2020,5,1,0,0,0,0,0,0,0,0,0,0,1,10.7061448,23.779207,65.5146576
8,R1,Summer,2020,0,0,0,0,0,0,0,0,10,0,0,0,0,0,1,0,0,0,0,0,0,0,0,0,0,0,0,0,0,0,0,0,0,0,0,0,0,1,0,0,0,0,0,0,0,0,0,0,71,0,0,0,0,0,0,0,1,0,0,0,0,0,0,0,1,N 29˚17.407' W -89˚54.427',30.2,11.68,mesohaline,7.2,8.32,84,5,8,R1,Summer,2020,1,10,71,0,0,1,0,0,0,0,0,1,1,1.34263434,0.924597,97.73277001
8,R2,Summer,2020,0,0,0,0,0,0,0,0,1,0,0,0,0,0,0,0,0,0,0,0,0,0,0,0,0,0,0,0,0,0,0,0,0,0,0,0,0,0,0,0,0,0,0,0,0,0,0,0,22,0,0,0,0,0,0,0,0,0,0,0,0,0,0,0,1,N 29˚17.407' W -89˚54.427',30.2,11.68,mesohaline,7.2,8.32,23,2,8,R2,Summer,2020,0,1,22,0,0,0,0,0,0,0,0,0,1,1.34263434,0.924597,97.73277001
8,R3,Summer,2020,0,0,0,0,0,0,0,0,2,0,0,0,0,0,1,0,0,0,0,0,0,0,0,0,0,0,0,0,0,0,0,0,0,0,0,0,0,0,0,0,0,0,0,0,0,0,0,0,18,0,1,0,0,0,0,0,0,0,0,0,0,0,0,0,1,N 29˚17.407' W -89˚54.427',30.2,11.68,mesohaline,7.2,8.32,22,4,8,R3,Summer,2020,1,2,17,0,0,0,1,0,0,0,0,0,1,1.34263434,0.924597,97.73277001
9,R1,Summer,2020,0,0,0,1,0,0,0,0,0,0,0,0,0,0,0,0,0,0,0,0,0,0,0,0,0,0,0,0,0,0,0,0,0,0,0,0,0,0,0,0,0,0,0,0,0,0,0,0,1,0,0,0,0,0,0,0,0,0,1,0,0,0,0,0,1,N 29˚16.104' W -89˚57.401',30.4,13.93,mesohaline,6.53,8.75,3,3,9,R1,Summer,2020,0,1,1,0,0,0,0,0,0,0,0,1,1,1.07258349,0.5332591,98.39410596
9,R2,Summer,2020,0,0,0,0,0,0,0,0,4,0,0,0,0,0,0,0,0,0,1,0,1,0,0,0,0,0,2,0,0,0,0,0,0,0,0,0,0,0,0,0,0,0,0,0,0,0,0,0,0,0,0,0,0,0,0,0,0,0,0,0,0,0,0,0,1,N 29˚16.104' W -89˚57.401',30.4,13.93,mesohaline,6.53,8.75,8,5,9,R2,Summer,2020,1,5,1,0,0,0,1,0,0,0,0,0,1,1.07258349,0.5332591,98.39410596
9,R3,Summer,2020,0,0,0,0,0,0,0,0,2,0,0,0,0,0,1,0,0,0,1,0,0,0,0,0,0,0,0,0,0,0,0,0,0,0,0,0,0,0,0,0,0,0,0,0,0,0,0,0,0,0,0,0,0,0,0,0,0,0,0,0,0,0,0,0,1,N 29˚16.104' W -89˚57.401',30.4,13.93,mesohaline,6.53,8.75,4,3,9,R3,Summer,2020,1,2,0,0,0,0,1,0,0,0,0,0,1,1.07258349,0.5332591,98.39410596
10,R1,Summer,2020,0,0,0,0,0,0,0,0,0,0,0,0,0,0,0,0,0,0,12,0,0,0,0,0,0,1,0,0,0,0,0,0,0,0,0,0,0,0,0,0,0,0,0,0,0,0,0,0,0,0,0,0,0,0,0,0,0,0,0,0,0,0,0,0,1,N 29˚17.778' W -90˚00.966',30.5,11.52,mesohaline,6.69,8.95,13,2,10,R1,Summer,2020,12,1,0,0,0,0,0,0,0,0,0,0,1,14.3438078,24.499875,61.15632455
10,R2,Summer,2020,0,0,0,0,1,0,0,0,0,0,0,0,0,0,1,0,0,0,8,0,0,0,0,0,0,0,0,0,0,0,0,0,0,0,0,0,0,0,0,0,0,0,0,0,1,0,0,0,0,0,0,0,0,0,0,0,0,0,0,0,0,0,0,0,1,N 29˚17.778' W -90˚00.966',30.5,11.52,mesohaline,6.69,8.95,11,5,10,R2,Summer,2020,8,1,0,0,0,0,2,0,0,0,0,0,1,14.3438078,24.499875,61.15632455
10,R3,Summer,2020,0,0,0,0,0,0,0,0,0,0,0,0,0,0,0,0,0,0,11,0,0,0,0,0,0,3,0,0,0,0,0,0,0,0,0,0,0,0,1,0,2,0,0,0,0,0,0,0,0,0,0,0,0,0,0,0,1,0,0,0,0,0,0,0,1,N 29˚17.778' W -90˚00.966',30.5,11.52,mesohaline,6.69,8.95,18,5,10,R3,Summer,2020,11,3,2,0,0,1,0,0,0,0,0,1,1,14.3438078,24.499875,61.15632455
11,R1,Summer,2020,0,0,0,0,0,0,0,0,0,0,0,0,0,0,1,0,0,0,3,0,0,0,0,0,0,0,0,0,0,0,0,0,0,0,0,0,0,0,0,0,2,0,0,0,0,0,1,0,0,0,0,0,1,0,0,0,1,0,0,0,0,0,0,0,1,N 29˚17.246' W -90˚0.2776',30.9,11.71,mesohaline,7.12,9.1,9,6,11,R1,Summer,2020,4,1,2,0,0,1,1,0,0,0,0,0,1,21.93301,39.93597,38.13103378
11,R2,Summer,2020,0,0,0,0,1,0,0,0,0,0,0,0,0,0,1,0,0,0,3,0,0,0,0,0,0,1,1,0,0,0,0,0,0,0,0,0,0,0,0,0,0,0,0,0,0,0,0,0,0,0,0,0,0,0,0,0,0,0,0,0,0,0,0,0,1,N 29˚17.246' W -90˚0.2776',30.9,11.71,mesohaline,7.12,9.1,7,5,11,R2,Summer,2020,4,3,0,0,0,0,0,0,0,0,0,0,1,21.93301,39.93597,38.13103378
11,R3,Summer,2020,0,0,0,0,0,0,0,0,0,0,0,0,0,0,0,0,0,0,6,0,0,0,0,0,0,2,4,0,0,0,0,0,0,0,0,0,0,0,0,0,0,0,0,0,0,0,0,0,0,0,0,0,0,0,0,0,0,0,0,0,0,0,0,0,1,N 29˚17.246' W -90˚0.2776',30.9,11.71,mesohaline,7.12,9.1,12,4,11,R3,Summer,2020,6,9,0,0,0,0,0,0,0,0,0,0,1,21.93301,39.93597,38.13103378
12,R1,Summer,2020,0,0,0,0,0,0,0,0,0,0,0,0,0,0,3,0,0,0,0,0,0,0,0,0,0,0,0,0,0,0,0,0,0,0,0,0,0,0,0,0,0,0,0,0,0,0,0,0,0,0,0,0,0,0,0,0,0,0,0,0,0,0,0,0,1,N 29˚17.212' W -90˚08.380',31.3,10.38,mesohaline,6.03,8.84,3,1,12,R1,Summer,2020,3,0,0,0,0,0,0,0,0,0,0,0,1,13.249841,25.719914,61.030235
12,R2,Summer,2020,0,0,0,0,0,0,0,0,0,0,0,0,0,0,2,0,0,0,0,0,0,1,0,0,0,0,0,0,0,0,0,0,0,0,0,0,0,0,0,0,0,0,0,0,0,0,0,0,0,0,0,0,0,0,0,0,0,0,0,0,0,0,0,0,1,N 29˚17.212' W -90˚08.380',31.3,10.38,mesohaline,6.03,8.84,3,2,12,R2,Summer,2020,1,0,0,0,0,0,1,0,0,0,0,0,1,13.249841,25.719914,61.030235
12,R3,Summer,2020,0,0,0,0,0,0,0,0,0,0,0,0,0,0,3,0,0,0,0,0,0,1,0,0,0,0,1,0,0,0,0,0,0,0,0,0,0,0,0,0,0,0,0,0,0,0,0,0,0,0,0,1,0,0,0,0,0,0,0,0,0,0,0,0,1,N 29˚17.212' W -90˚08.380',31.3,10.38,mesohaline,6.03,8.84,6,4,12,R3,Summer,2020,3,0,1,0,0,1,1,0,0,0,0,0,1,13.249841,25.719914,61.030235
13,R1,Summer,2020,1,0,0,3,1,0,0,0,0,0,0,0,0,0,0,0,0,0,0,0,2,0,0,0,0,0,0,0,0,0,0,0,0,0,0,0,0,0,0,0,0,0,0,0,0,0,0,0,0,0,0,0,0,0,0,0,0,0,0,0,0,0,0,0,1,N 29˚19.412' W -89˚50.460',31.6,7.96,mesohaline,6.35,9.05,7,4,13,R1,Summer,2020,2,4,0,0,0,1,0,0,0,0,0,0,1,0,0,99.9999102
13,R2,Summer,2020,0,0,0,0,0,0,0,0,0,0,0,0,0,0,0,0,0,0,1,1,0,0,3,0,0,0,0,0,0,0,0,0,0,0,0,0,0,0,0,0,0,0,0,0,0,0,0,0,0,0,0,0,0,0,0,0,0,0,0,0,0,0,0,0,1,N 29˚19.412' W -89˚50.460',31.6,7.96,mesohaline,6.35,9.05,5,3,13,R2,Summer,2020,1,0,0,0,0,3,1,0,0,0,0,0,1,0,0,99.9999102
13,R3,Summer,2020,0,0,0,2,0,0,1,0,0,0,0,0,0,0,0,0,0,0,0,0,0,0,0,0,0,0,0,0,0,0,0,0,0,0,0,0,0,0,0,0,0,0,0,0,0,0,0,0,0,0,0,0,0,0,0,0,0,0,0,0,0,0,0,0,1,N 29˚19.412' W -89˚50.460',31.6,7.96,mesohaline,6.35,9.05,3,2,13,R3,Summer,2020,0,3,0,0,0,0,0,0,0,0,0,0,1,0,0,99.9999102
14,R1,Summer,2020,0,0,0,0,0,0,0,0,0,0,0,0,0,0,0,0,0,0,0,0,0,0,1,0,0,0,0,0,0,0,0,0,0,0,0,0,0,0,0,0,0,0,0,0,0,0,0,0,0,0,0,0,0,0,0,0,0,0,0,0,0,0,0,0,1,N 29˚19.236' W -89˚50.237',32.1,8.47,mesohaline,6.52,9.06,1,1,14,R1,Summer,2020,0,0,0,0,0,1,0,0,0,0,0,0,1,12.0239185,20.779487,67.19659609
14,R2,Summer,2020,0,0,0,1,0,0,0,0,0,0,0,0,0,0,0,0,0,0,0,0,0,0,0,0,0,0,0,0,0,0,0,0,0,0,0,0,0,0,0,0,0,0,0,0,0,0,0,0,0,0,0,0,0,0,0,0,0,0,0,0,0,0,0,0,1,N 29˚19.236' W -89˚50.237',32.1,8.47,mesohaline,6.52,9.06,1,1,14,R2,Summer,2020,0,1,0,0,0,0,0,0,0,0,0,0,1,12.0239185,20.779487,67.19659609
14,R3,Summer,2020,0,0,0,0,0,0,0,0,1,0,0,0,0,0,0,0,0,0,1,0,0,0,1,0,0,0,1,0,0,0,0,0,0,0,0,0,0,0,0,0,0,0,0,0,0,0,0,0,0,0,0,0,0,0,0,0,0,0,0,0,0,0,0,0,1,N 29˚19.236' W -89˚50.237',32.1,8.47,mesohaline,6.52,9.06,4,4,14,R3,Summer,2020,1,2,0,0,0,1,0,0,0,0,0,0,1,12.0239185,20.779487,67.19659609
15,R1,Summer,2020,0,0,0,4,0,0,0,0,0,0,0,0,0,0,1,0,0,0,0,0,1,0,0,1,2,0,2,0,0,0,0,0,0,0,0,0,0,0,0,0,0,0,0,0,0,0,0,0,0,0,0,0,0,0,0,0,0,0,0,0,0,0,0,0,1,N 29˚15.272' W -89˚58.612',32.7,11.29,mesohaline,6.49,9.07,11,6,15,R1,Summer,2020,2,4,2,0,0,0,1,0,0,0,0,0,1,15.0178421,24.425314,60.55683939
15,R2,Summer,2020,0,0,0,0,0,0,0,0,0,0,0,0,0,0,0,0,0,0,0,0,3,0,0,0,0,0,0,0,0,0,0,0,0,0,0,0,0,0,0,0,0,0,0,0,0,0,0,0,0,0,0,0,0,0,0,0,0,0,0,0,0,0,0,0,1,N 29˚15.272' W -89˚58.612',32.7,11.29,mesohaline,6.49,9.07,3,2,15,R2,Summer,2020,3,0,0,0,0,0,0,0,0,0,0,0,1,15.0178421,24.425314,60.55683939
15,R3,Summer,2020,0,0,0,0,0,0,0,0,2,0,0,0,0,0,1,0,0,3,0,0,0,0,0,0,0,0,0,0,0,0,0,0,0,0,0,0,0,0,0,0,0,0,0,0,0,0,0,0,0,0,0,0,0,0,0,0,0,0,0,0,0,0,0,0,1,N 29˚15.272' W -89˚58.612',32.7,11.29,mesohaline,6.49,9.07,6,3,15,R3,Summer,2020,1,2,0,0,0,0,3,0,0,0,0,0,1,15.0178421,24.425314,60.55683939
1,R1,Summer,2021,1,0,0,0,0,0,0,0,0,0,0,0,0,0,0,0,0,0,0,0,0,0,0,0,0,0,0,0,0,0,0,0,0,0,0,0,0,0,0,0,0,0,0,0,0,0,0,0,0,0,0,0,0,0,0,0,0,0,0,0,0,0,0,0,1,N 29˚19.454' W -89˚48.030',31.9,17.18,mesohaline,9.25,8.6,1,2,1,R1,Summer,2021,0,0,0,0,0,1,0,0,0,0,0,0,1,2.3809358,2.0713162,95.5477968
1,R2,Summer,2021,0,0,0,2,0,0,0,0,0,0,0,0,0,0,0,0,0,0,0,0,0,0,2,0,0,0,0,0,0,0,0,0,0,0,0,0,0,0,0,0,0,0,0,0,0,0,0,0,0,0,0,0,0,0,0,0,0,0,0,0,0,0,0,0,1,N 29˚19.454' W -89˚48.030',31.9,17.18,mesohaline,9.25,8.6,4,3,1,R2,Summer,2021,0,2,0,0,0,2,0,0,0,0,0,0,1,2.3809358,2.0713162,95.5477968
1,R3,Summer,2021,1,0,0,0,0,0,0,2,0,0,0,0,0,0,2,2,0,0,0,0,0,0,0,0,0,0,0,0,0,0,0,0,0,0,1,0,0,0,0,0,0,0,0,0,0,0,0,0,0,0,0,0,0,0,0,0,0,0,0,0,0,0,0,0,1,N 29˚19.454' W -89˚48.030',31.9,17.18,mesohaline,9.25,8.6,8,6,1,R3,Summer,2021,2,2,0,0,0,2,2,0,0,0,0,0,1,2.3809358,2.0713162,95.5477968
2,R1,Summer,2021,0,0,0,1,0,0,0,0,0,0,0,0,0,0,0,0,0,0,0,0,0,0,0,0,0,0,0,0,0,0,0,0,0,0,0,0,0,0,0,0,0,0,0,0,0,0,0,0,0,0,0,0,0,0,0,0,0,0,0,0,0,0,0,0,1,N 29˚28.903' W -89˚56.981',31,1.66,oligohaline,4.77,7.69,1,2,2,R1,Summer,2021,0,1,0,0,0,0,0,0,0,0,0,0,1,13.176932,28.531268,58.29178257
2,R2,Summer,2021,0,0,0,0,0,0,0,0,0,0,0,0,0,0,0,0,0,0,0,0,0,0,0,0,0,0,0,0,0,0,0,0,0,0,0,0,0,0,0,0,0,0,0,0,0,0,0,0,0,0,0,0,0,0,0,0,0,0,0,0,0,0,0,0,1,N 29˚28.903' W -89˚56.981',31,1.66,oligohaline,4.77,7.69,0,1,2,R2,Summer,2021,0,0,0,0,0,0,0,0,0,0,0,0,1,13.176932,28.531268,58.29178257
2,R3,Summer,2021,0,0,0,0,0,0,0,0,0,0,0,0,0,0,0,0,0,0,0,0,0,0,0,0,0,0,0,0,0,0,0,0,0,0,0,0,0,0,0,0,0,0,0,0,0,0,0,0,0,0,0,0,0,0,0,0,0,0,0,0,0,0,0,0,1,N 29˚28.903' W -89˚56.981',31,1.66,oligohaline,4.77,7.69,0,1,2,R3,Summer,2021,0,0,0,0,0,0,0,0,0,0,0,0,1,13.176932,28.531268,58.29178257
3,R1,Summer,2021,0,0,0,0,0,0,0,0,0,0,0,0,0,0,0,0,0,0,0,0,0,0,0,0,0,0,0,0,0,0,0,0,0,0,0,0,0,0,0,0,0,0,0,0,0,0,0,0,0,0,0,0,0,0,0,0,0,0,0,0,0,0,0,0,1,N 29˚28.566' W -89˚56.879',31,1.97,oligohaline,5.4,8.31,0,1,3,R1,Summer,2021,0,0,0,0,0,0,0,0,0,0,0,0,1,17.3749792,29.500928,53.12412292
3,R2,Summer,2021,0,0,0,0,0,0,0,0,0,0,0,0,0,0,0,0,0,0,0,0,0,0,0,0,0,0,0,0,0,0,0,0,0,0,0,0,0,0,0,0,0,0,0,0,0,0,0,0,0,0,0,0,0,0,0,0,0,0,0,0,0,0,0,0,1,N 29˚28.566' W -89˚56.879',31,1.97,oligohaline,5.4,8.31,0,1,3,R2,Summer,2021,0,0,0,0,0,0,0,0,0,0,0,0,1,17.3749792,29.500928,53.12412292
3,R3,Summer,2021,0,0,0,0,0,0,0,0,0,0,0,0,0,0,0,0,0,0,0,0,0,0,0,0,0,0,0,0,0,0,0,0,0,0,0,0,0,0,0,0,0,0,0,0,0,0,0,0,0,0,0,0,0,0,0,0,0,0,0,0,0,0,0,0,1,N 29˚28.566' W -89˚56.879',31,1.97,oligohaline,5.4,8.31,0,1,3,R3,Summer,2021,0,0,0,0,0,0,0,0,0,0,0,0,1,17.3749792,29.500928,53.12412292
4,R1,Summer,2021,0,0,0,0,0,0,0,0,0,0,0,0,0,0,0,0,0,0,0,0,0,0,0,0,0,0,0,0,0,0,0,0,0,0,0,0,0,0,0,0,0,0,19,0,0,0,0,0,0,0,0,0,0,0,0,0,0,0,0,0,0,0,0,0,1,N 29˚29.885' W -90˚06.586',29,0.21,oligohaline,6.26,7.63,19,4,4,R1,Summer,2021,0,20,0,0,0,1,1,0,0,0,0,0,1,13.2297987,28.020749,58.7494746
4,R2,Summer,2021,0,0,0,0,0,0,0,0,0,0,0,0,0,0,0,0,0,0,0,0,0,0,0,0,0,0,0,0,0,0,0,0,0,0,0,0,0,0,0,0,0,0,75,0,0,0,0,0,0,0,0,0,0,0,0,0,0,0,0,0,0,0,0,0,1,N 29˚29.885' W -90˚06.586',29,0.21,oligohaline,6.26,7.63,75,2,4,R2,Summer,2021,0,75,0,0,0,0,0,0,0,0,0,0,1,13.2297987,28.020749,58.7494746
4,R3,Summer,2021,0,0,0,0,0,0,0,0,0,0,0,0,0,0,0,0,0,0,0,0,0,0,0,0,0,0,0,0,0,0,0,0,0,0,0,0,0,0,0,0,0,0,71,0,0,0,0,0,0,0,0,0,0,0,0,0,0,0,0,0,0,0,0,0,1,N 29˚29.885' W -90˚06.586',29,0.21,oligohaline,6.26,7.63,71,2,4,R3,Summer,2021,0,71,0,0,0,0,0,0,0,0,0,0,1,13.2297987,28.020749,58.7494746
5,R1,Summer,2021,0,0,0,0,0,0,0,0,0,0,0,0,0,0,0,0,0,0,0,0,0,0,0,0,0,0,0,0,0,0,0,0,0,0,0,0,0,0,0,0,0,0,0,0,0,0,0,0,0,0,0,0,0,0,0,0,0,0,0,0,0,0,0,0,1,N 29˚33.925' W -90˚09.916',29.4,0.12,oligohaline,6.22,7.31,0,1,5,R1,Summer,2021,0,0,0,0,0,0,0,0,0,0,0,0,1,7.1531299,17.753442,75.0934696
5,R2,Summer,2021,0,0,0,0,0,0,0,0,0,0,0,0,0,0,0,0,0,0,1,0,0,0,0,0,0,0,0,0,0,0,0,0,0,0,0,0,0,0,0,0,0,0,0,0,0,0,0,0,0,0,0,0,0,0,0,0,0,0,0,0,0,0,0,0,1,N 29˚33.925' W -90˚09.916',29.4,0.12,oligohaline,6.22,7.31,1,2,5,R2,Summer,2021,1,0,0,0,0,0,0,0,0,0,0,0,1,7.1531299,17.753442,75.0934696
5,R3,Summer,2021,0,0,0,0,0,0,0,0,0,0,0,0,0,0,0,0,0,0,0,0,0,0,0,0,0,0,0,0,0,0,0,0,0,0,0,0,0,0,0,0,0,0,0,0,0,0,0,0,0,0,0,0,0,0,0,0,0,0,0,0,0,0,0,0,1,N 29˚33.925' W -90˚09.916',29.4,0.12,oligohaline,6.22,7.31,0,1,5,R3,Summer,2021,0,0,0,0,0,0,0,0,0,0,0,0,1,7.1531299,17.753442,75.0934696
6,R1,Summer,2021,0,0,0,0,0,0,0,0,0,0,0,0,0,0,0,0,0,0,0,0,0,0,0,0,0,0,0,0,0,0,0,0,0,0,0,0,0,0,0,0,0,0,0,0,0,0,0,0,0,0,0,0,0,0,0,0,0,0,0,0,0,0,0,0,1,N 29˚29.792' W -90˚02.525',30,0.32,oligohaline,5.36,7.82,0,1,6,R1,Summer,2021,0,0,0,0,0,0,0,0,0,0,0,0,1,8.6034726,18.342648,73.05388
6,R2,Summer,2021,0,0,0,0,0,0,0,0,0,0,0,0,0,0,0,0,0,0,0,0,0,0,0,0,0,0,0,0,0,0,0,0,0,0,0,0,0,0,0,0,0,0,0,0,0,0,0,0,0,0,0,0,0,0,0,0,0,0,0,0,0,0,0,0,1,N 29˚29.792' W -90˚02.525',30,0.32,oligohaline,5.36,7.82,0,1,6,R2,Summer,2021,0,0,0,0,0,0,0,0,0,0,0,0,1,8.6034726,18.342648,73.05388
6,R3,Summer,2021,0,0,0,0,0,0,0,0,0,0,0,0,0,0,0,0,0,0,0,0,0,0,0,0,0,0,0,0,0,0,0,0,0,0,0,0,0,0,0,0,0,0,0,0,0,0,0,0,0,0,0,0,0,0,0,0,0,0,0,0,0,0,0,0,1,N 29˚29.792' W -90˚02.525',30,0.32,oligohaline,5.36,7.82,0,1,6,R3,Summer,2021,0,0,0,0,0,0,0,0,0,0,0,0,1,8.6034726,18.342648,73.05388
7,R1,Summer,2021,0,0,0,1,0,0,0,0,2,0,0,0,0,0,0,0,0,0,0,0,0,0,0,0,0,0,0,0,0,0,0,0,0,0,0,0,0,0,0,0,0,0,0,0,0,0,0,0,0,0,0,0,0,0,0,0,0,0,0,0,0,0,0,0,1,N 29˚29.829' W -90˚00.577',30.4,0.64,oligohaline,6.12,7.73,3,3,7,R1,Summer,2021,0,3,0,0,0,0,0,0,0,0,0,0,1,10.7061448,23.779207,65.5146576
7,R2,Summer,2021,0,0,0,0,0,0,0,0,0,0,0,0,0,0,0,1,0,0,0,0,0,0,0,0,0,0,0,0,0,0,0,0,0,0,0,0,0,0,0,0,0,0,0,0,0,0,0,0,0,0,0,0,0,0,0,0,0,0,0,0,0,0,0,0,1,N 29˚29.829' W -90˚00.577',30.4,0.64,oligohaline,6.12,7.73,1,2,7,R2,Summer,2021,0,0,0,0,0,0,1,0,0,0,0,0,1,10.7061448,23.779207,65.5146576
7,R3,Summer,2021,1,0,0,0,0,0,0,0,0,0,0,0,0,0,0,0,0,0,0,0,0,0,0,0,0,0,0,0,0,0,0,0,0,0,0,0,0,0,0,0,0,0,0,0,0,0,0,0,0,0,0,0,0,0,0,0,0,0,0,0,0,0,0,0,1,N 29˚29.829' W -90˚00.577',30.4,0.64,oligohaline,6.12,7.73,1,2,7,R3,Summer,2021,0,0,0,0,0,2,0,0,0,0,0,0,1,10.7061448,23.779207,65.5146576
8,R1,Summer,2021,1,0,0,0,0,0,0,0,0,0,0,0,0,0,2,0,0,0,0,0,0,0,0,0,0,0,0,0,0,0,0,0,0,0,0,0,0,0,0,0,0,0,0,0,0,6,0,0,0,0,0,0,0,0,0,0,0,0,0,0,0,0,0,0,1,N 29˚17.833' W -89˚54.555',30.8,22.42,polyhaline,6.51,8.47,9,5,8,R1,Summer,2021,2,6,0,0,0,1,0,0,0,0,0,0,1,1.34263434,0.924597,97.73277001
8,R2,Summer,2021,0,0,0,1,0,0,0,0,1,0,0,0,0,0,3,0,0,0,0,0,0,0,3,0,0,0,0,0,0,0,0,0,0,0,0,0,0,0,1,0,0,0,0,0,0,7,0,0,0,0,0,0,0,0,0,0,0,0,0,0,0,0,0,0,1,N 29˚17.833' W -89˚54.555',30.8,22.42,polyhaline,6.51,8.47,16,7,8,R2,Summer,2021,3,9,0,0,0,3,0,0,0,0,0,1,1,1.34263434,0.924597,97.73277001
8,R3,Summer,2021,0,0,0,2,0,0,0,0,0,0,0,0,0,0,1,0,0,0,0,0,0,0,0,0,0,0,0,0,0,0,0,0,0,0,0,0,0,0,0,0,0,0,0,0,0,7,0,0,0,0,0,0,0,0,0,0,0,0,0,0,0,0,0,0,1,N 29˚17.833' W -89˚54.555',30.8,22.42,polyhaline,6.51,8.47,10,4,8,R3,Summer,2021,1,9,0,0,0,0,0,0,0,0,0,0,1,1.34263434,0.924597,97.73277001
9,R1,Summer,2021,0,0,0,0,0,0,0,0,0,0,0,0,0,0,1,0,0,0,0,1,0,0,0,0,0,0,0,0,0,0,0,0,0,0,0,0,0,0,0,0,0,0,0,0,0,10,0,0,0,0,0,0,0,1,0,0,0,0,0,0,0,0,0,0,1,N 29˚16.063' W -89˚57.439',30.1,17.14,mesohaline,6.84,8.54,13,5,9,R1,Summer,2021,1,10,1,0,0,0,1,0,0,0,0,0,1,1.07258349,0.5332591,98.39410596
9,R2,Summer,2021,0,0,0,0,0,0,0,0,0,0,0,0,0,0,4,1,0,0,0,0,0,0,0,0,0,0,0,0,0,0,0,0,0,0,0,0,1,0,0,0,0,0,0,0,0,1,0,0,0,0,0,0,0,0,0,0,0,0,0,0,0,0,0,0,1,N 29˚16.063' W -89˚57.439',30.1,17.14,mesohaline,6.84,8.54,7,5,9,R2,Summer,2021,4,1,0,0,0,0,1,0,0,0,0,1,1,1.07258349,0.5332591,98.39410596
9,R3,Summer,2021,0,0,0,0,0,0,0,0,0,0,0,0,0,0,1,0,0,0,0,0,0,0,5,0,0,0,0,0,0,0,0,0,0,0,0,0,0,0,0,0,0,0,0,0,0,1,0,0,0,0,0,0,0,1,0,0,0,0,0,0,0,0,0,0,1,N 29˚16.063' W -89˚57.439',30.1,17.14,mesohaline,6.84,8.54,8,5,9,R3,Summer,2021,1,1,1,0,0,5,0,0,0,0,0,0,1,1.07258349,0.5332591,98.39410596
10,R1,Summer,2021,0,0,0,0,1,0,0,0,0,0,0,0,0,0,0,1,0,0,0,0,0,0,0,0,0,0,0,0,0,0,0,0,0,0,0,0,0,0,0,0,0,0,0,0,0,0,0,0,0,0,0,0,0,0,0,0,0,0,0,0,0,0,0,0,1,N 29˚17.798' W -90˚00.991',29.5,13.66,mesohaline,6.07,8.32,2,3,10,R1,Summer,2021,0,1,0,0,0,0,1,0,0,0,0,0,1,14.3438078,24.499875,61.15632455
10,R2,Summer,2021,0,0,0,0,0,0,0,0,0,0,0,0,0,0,0,0,0,0,0,0,0,0,0,0,0,0,0,0,0,0,0,0,0,0,0,0,0,0,0,0,0,0,0,0,0,0,0,0,0,0,0,0,0,0,0,0,0,0,0,0,0,0,0,0,1,N 29˚17.798' W -90˚00.991',29.5,13.66,mesohaline,6.07,8.32,0,1,10,R2,Summer,2021,0,0,0,0,0,0,0,0,0,0,0,0,1,14.3438078,24.499875,61.15632455
10,R3,Summer,2021,1,0,0,0,0,0,0,0,0,0,0,0,0,0,0,0,0,0,0,0,0,0,0,0,0,0,0,0,0,0,0,0,0,0,0,0,0,0,0,0,0,0,0,0,0,0,0,0,0,0,0,0,0,0,0,0,0,0,0,0,0,0,0,0,1,N 29˚17.798' W -90˚00.991',29.5,13.66,mesohaline,6.07,8.32,1,2,10,R3,Summer,2021,0,0,0,0,0,1,0,0,0,0,0,0,1,14.3438078,24.499875,61.15632455
11,R1,Summer,2021,2,0,0,1,0,0,0,0,0,0,0,0,0,0,0,0,0,0,0,0,0,0,0,0,0,0,0,0,0,0,0,0,0,0,0,0,0,0,0,0,0,0,0,0,0,0,0,0,0,0,0,0,0,0,0,0,0,0,0,0,0,0,0,0,1,N 29˚17.248' W -90˚02.671',29.1,14.77,mesohaline,6.29,8.32,3,3,11,R1,Summer,2021,0,1,0,0,0,2,0,0,0,0,0,0,1,21.93301,39.93597,38.13103378
11,R2,Summer,2021,0,0,0,0,0,0,0,0,0,0,0,0,0,0,0,0,0,0,1,0,3,0,0,0,0,0,0,0,0,0,0,0,0,0,0,0,0,0,0,0,1,0,0,0,0,0,0,0,0,0,0,0,0,0,0,0,0,0,0,0,0,0,0,0,1,N 29˚17.248' W -90˚02.671',29.1,14.77,mesohaline,6.29,8.32,5,4,11,R2,Summer,2021,4,0,1,0,0,0,0,0,0,0,0,0,1,21.93301,39.93597,38.13103378
11,R3,Summer,2021,0,0,0,1,0,0,0,0,0,0,0,0,0,0,1,0,0,0,0,0,1,0,1,0,0,0,1,0,0,0,0,0,0,0,0,0,0,0,0,0,0,0,0,1,0,0,0,0,0,0,0,0,0,0,0,0,0,0,0,0,0,0,0,0,1,N 29˚17.248' W -90˚02.671',29.1,14.77,mesohaline,6.29,8.32,6,7,11,R3,Summer,2021,2,2,0,0,0,1,1,0,0,0,0,0,1,21.93301,39.93597,38.13103378
12,R1,Summer,2021,0,0,0,0,0,0,0,0,0,0,0,0,0,0,0,0,0,0,0,0,0,0,0,0,0,0,5,0,0,0,0,0,0,0,0,0,0,0,0,0,0,0,0,0,0,0,0,0,0,0,0,0,0,0,0,0,0,0,0,0,0,0,0,0,1,N 29˚17.218' W -90˚08.373',28.9,13.41,mesohaline,6.92,7.92,5,2,12,R1,Summer,2021,0,0,5,0,0,0,0,0,0,0,0,0,1,13.249841,25.719914,61.030235
12,R2,Summer,2021,0,0,0,1,0,0,0,0,0,0,0,0,0,0,0,0,0,0,0,0,0,0,0,0,0,0,2,0,0,0,0,0,0,0,0,0,0,0,0,0,0,0,0,0,0,0,0,0,0,0,0,0,0,0,0,0,0,0,0,0,0,0,0,0,1,N 29˚17.218' W -90˚08.373',28.9,13.41,mesohaline,6.92,7.92,3,3,12,R2,Summer,2021,0,1,2,0,0,0,0,0,0,0,0,0,1,13.249841,25.719914,61.030235
12,R3,Summer,2021,0,0,0,0,0,0,0,0,0,0,0,0,0,0,0,0,0,0,0,0,0,0,0,0,0,0,2,0,0,0,0,0,0,0,0,0,0,0,0,0,0,0,0,0,0,0,0,0,0,0,0,0,0,0,0,0,0,0,0,0,0,0,0,0,1,N 29˚17.218' W -90˚08.373',28.9,13.41,mesohaline,6.92,7.92,2,2,12,R3,Summer,2021,0,0,2,0,0,0,0,0,0,0,0,0,1,13.249841,25.719914,61.030235
13,R1,Summer,2021,2,0,0,0,0,0,1,0,0,0,0,0,0,0,0,1,0,0,0,0,0,0,0,0,0,0,0,0,0,0,0,0,0,0,0,0,0,0,0,0,0,0,0,0,0,0,0,0,0,0,0,0,0,0,0,0,0,0,0,0,0,0,0,0,1,N 29˚19.412' W -89˚50.408',30.9,16.77,mesohaline,10.14,8.68,4,4,13,R1,Summer,2021,0,1,0,0,0,2,1,0,0,0,0,0,1,0,0,99.9999102
13,R2,Summer,2021,2,0,0,1,0,0,0,0,0,0,0,0,0,0,0,0,0,0,0,0,0,0,0,0,0,0,0,0,0,0,0,0,0,0,0,0,0,0,0,0,0,0,0,0,0,0,0,0,0,0,0,0,0,0,0,0,0,0,0,0,0,0,0,0,1,N 29˚19.412' W -89˚50.408',30.9,16.77,mesohaline,10.14,8.68,3,3,13,R2,Summer,2021,0,1,0,0,0,2,0,0,0,0,0,0,1,0,0,99.9999102
13,R3,Summer,2021,0,0,0,2,0,0,0,0,0,0,0,0,0,0,0,1,0,0,2,0,0,0,2,0,0,0,0,0,0,0,0,0,0,0,0,0,0,0,0,0,0,0,0,0,0,0,0,0,0,0,0,0,0,0,0,0,0,0,0,0,0,0,0,0,1,N 29˚19.412' W -89˚50.408',30.9,16.77,mesohaline,10.14,8.68,7,4,13,R3,Summer,2021,0,2,0,0,0,2,1,0,0,0,0,0,1,0,0,99.9999102
14,R1,Summer,2021,0,0,0,0,0,0,0,0,0,0,0,0,0,0,0,0,0,0,2,0,0,0,0,0,0,0,0,0,0,0,0,0,0,0,0,0,0,0,0,0,0,0,0,0,0,0,0,0,0,0,0,0,0,0,0,1,0,0,0,0,0,0,0,0,1,N 29˚19.244' W -89˚50.230',30.4,16.63,mesohaline,9.52,8.65,3,3,14,R1,Summer,2021,2,0,0,0,0,1,0,0,0,0,0,0,1,12.0239185,20.779487,67.19659609
14,R2,Summer,2021,0,0,0,0,0,0,0,0,0,2,0,0,0,0,0,0,0,0,1,0,0,0,0,0,0,0,1,0,0,0,0,0,0,0,0,0,0,0,0,0,0,0,0,0,0,0,0,0,0,0,0,0,0,1,3,1,0,0,0,0,0,0,0,0,1,N 29˚19.244' W -89˚50.230',30.4,16.63,mesohaline,9.52,8.65,9,7,14,R2,Summer,2021,1,3,1,0,0,2,0,0,0,0,0,0,1,12.0239185,20.779487,67.19659609
14,R3,Summer,2021,0,0,0,0,0,0,0,0,0,1,0,0,0,0,0,0,0,0,0,0,0,0,0,0,0,0,0,0,0,0,0,0,0,0,0,0,0,0,0,0,0,0,0,0,0,0,0,0,0,0,0,0,0,0,0,1,0,0,0,0,0,0,0,0,1,N 29˚19.244' W -89˚50.230',30.4,16.63,mesohaline,9.52,8.65,2,3,14,R3,Summer,2021,0,1,0,0,0,1,0,0,0,0,0,0,1,12.0239185,20.779487,67.19659609
15,R1,Summer,2021,0,0,0,2,0,0,0,0,1,0,0,0,0,0,2,1,0,0,0,0,1,0,0,0,0,0,0,0,0,0,0,0,1,0,0,0,0,0,0,0,0,0,0,0,0,0,0,0,0,0,0,0,0,0,0,0,0,0,0,0,0,0,0,0,1,N 29˚15.303' W -89˚58.595',30.2,14.65,mesohaline,6.98,8.58,8,7,15,R1,Summer,2021,3,3,0,0,0,1,1,0,0,0,0,0,1,15.0178421,24.425314,60.55683939
15,R2,Summer,2021,1,0,0,2,0,0,0,0,1,0,0,0,0,0,4,2,0,0,0,0,3,0,2,0,0,0,0,0,0,0,0,0,0,0,6,0,0,0,0,0,0,0,0,0,0,0,0,0,0,0,0,0,0,0,0,0,0,0,0,1,0,0,0,0,1,N 29˚15.303' W -89˚58.595',30.2,14.65,mesohaline,6.98,8.58,22,11,15,R2,Summer,2021,9,3,0,0,0,6,2,0,0,0,0,0,1,15.0178421,24.425314,60.55683939
15,R3,Summer,2021,0,0,0,0,0,0,0,0,1,0,0,0,0,0,0,0,0,0,0,0,2,0,0,0,0,0,0,0,0,0,0,0,0,0,0,0,0,0,0,0,0,0,0,0,0,0,0,0,0,0,0,0,0,0,0,0,0,0,0,0,0,0,0,0,1,N 29˚15.303' W -89˚58.595',30.2,14.65,mesohaline,6.98,8.58,3,3,15,R3,Summer,2021,2,1,0,0,0,0,0,0,0,0,0,0,1,15.0178421,24.425314,60.55683939
1,R1,Fall,2021,0,0,0,0,0,0,0,1,0,0,0,0,0,0,0,0,0,0,0,0,0,0,0,0,0,0,0,0,0,0,0,0,0,0,0,0,0,0,0,0,0,0,0,0,0,0,0,0,0,0,0,0,0,0,0,0,0,0,0,0,0,0,0,0,1,N 29˚159.411' W -89˚50.408',26.6,20.72,polyhaline,6.81,8.37,1,,1,R1,Fall,2021,0,1,0,0,0,0,0,0,0,0,0,0,1,2.3809358,2.0713162,95.5477968
1,R2,Fall,2021,1,0,0,0,0,0,0,0,0,0,0,0,0,0,0,0,0,0,0,0,0,0,0,0,0,0,0,0,0,0,0,0,0,0,1,0,0,0,0,0,0,0,0,0,0,0,0,0,0,0,0,0,0,0,0,0,0,0,0,0,0,0,0,0,1,N 29˚159.411' W -89˚50.408',26.6,20.72,polyhaline,6.81,8.37,2,,1,R2,Fall,2021,0,0,0,0,0,1,1,0,0,0,0,0,1,2.3809358,2.0713162,95.5477968
1,R3,Fall,2021,0,0,0,0,0,0,0,0,0,0,0,0,0,0,0,0,0,0,0,0,0,0,1,0,0,0,0,0,0,0,0,0,0,0,0,0,0,0,0,0,0,0,0,0,0,0,0,0,0,0,0,0,0,0,0,0,0,0,0,0,0,0,0,0,1,N 29˚159.411' W -89˚50.408',26.6,20.72,polyhaline,6.81,8.37,1,,1,R3,Fall,2021,0,0,0,0,0,1,0,0,0,0,0,0,1,2.3809358,2.0713162,95.5477968
2,R1,Fall,2021,0,0,0,0,0,0,0,0,0,0,0,0,0,0,0,0,0,0,0,0,0,0,0,0,0,0,0,0,0,0,0,0,0,0,0,0,0,0,0,0,0,0,0,0,0,0,0,0,0,0,0,0,0,0,0,0,0,0,0,0,0,0,0,0,1,N 29˚28.896' W -89˚56.983',26.3,7.37,mesohaline,6.85,7.81,0,,2,R1,Fall,2021,0,0,0,0,0,0,0,0,0,0,0,0,1,13.176932,28.531268,58.29178257
2,R2,Fall,2021,0,0,0,0,0,0,0,0,0,0,0,0,0,0,0,0,0,0,0,0,0,0,0,0,0,0,0,0,0,0,0,0,0,0,0,0,0,0,0,0,0,0,0,0,0,0,0,0,0,0,0,0,0,0,0,0,0,0,0,0,0,0,0,0,1,N 29˚28.896' W -89˚56.983',26.3,7.37,mesohaline,6.85,7.81,0,,2,R2,Fall,2021,0,0,0,0,0,0,0,0,0,0,0,0,1,13.176932,28.531268,58.29178257
2,R3,Fall,2021,0,0,0,0,0,0,0,0,0,0,0,0,0,0,0,0,0,0,0,0,0,0,0,0,0,0,0,0,0,0,0,0,0,0,0,0,0,0,0,0,0,0,0,0,0,0,0,0,0,0,0,0,0,0,0,0,0,0,0,0,0,0,0,0,1,N 29˚28.896' W -89˚56.983',26.3,7.37,mesohaline,6.85,7.81,0,,2,R3,Fall,2021,0,0,0,0,0,0,0,0,0,0,0,0,1,13.176932,28.531268,58.29178257
2,R4,Fall,2021,2,0,0,0,0,0,0,0,0,0,0,0,0,0,0,0,0,0,0,0,0,0,0,0,0,0,0,0,0,0,0,0,0,0,0,0,0,0,0,0,0,0,0,0,0,0,0,0,0,0,0,0,0,0,0,0,0,0,0,0,0,0,0,0,1,N 29˚28.896' W -89˚56.983',26.3,7.37,mesohaline,6.85,7.81,2,,2,R4,Fall,2021,0,0,0,0,0,2,0,0,0,0,0,0,1,17.3749792,29.500928,53.12412292
3,R1,Fall,2021,0,0,0,0,0,0,0,0,1,0,0,0,0,0,0,0,0,0,0,0,0,0,0,0,0,0,0,0,0,0,0,0,0,1,0,0,0,0,0,0,0,0,0,0,0,0,0,0,0,0,0,0,0,0,0,0,0,0,0,0,0,0,0,0,1,N 29˚28.563' W -89˚56.869',26.3,7.38,mesohaline,7.65,7.81,2,,3,R1,Fall,2021,0,1,0,1,0,0,0,0,0,0,0,0,1,17.3749792,29.500928,53.12412292
3,R2,Fall,2021,0,0,0,0,0,0,0,0,0,0,0,0,0,0,0,0,0,0,0,0,0,0,0,0,0,0,0,0,0,0,0,0,0,0,0,0,0,0,0,0,0,0,0,0,0,0,0,0,0,0,0,0,0,0,0,0,0,0,0,0,0,0,0,0,1,N 29˚28.563' W -89˚56.869',26.3,7.38,mesohaline,7.65,7.81,0,,3,R2,Fall,2021,0,0,0,0,0,0,0,0,0,0,0,0,1,17.3749792,29.500928,53.12412292
3,R3,Fall,2021,0,0,0,0,0,0,0,0,0,0,0,0,0,0,0,0,0,0,0,0,0,0,1,0,0,0,0,0,0,0,0,0,0,0,0,0,0,0,0,0,0,0,0,0,0,0,0,0,0,0,0,0,0,0,0,0,0,0,0,0,0,0,0,0,1,N 29˚28.563' W -89˚56.869',26.3,7.38,mesohaline,7.65,7.81,1,,3,R3,Fall,2021,0,0,0,0,0,1,0,0,0,0,0,0,1,17.3749792,29.500928,53.12412292
3,R4,Fall,2021,1,0,0,0,0,0,0,0,0,0,0,0,0,0,0,0,0,0,0,0,0,0,0,0,0,0,0,0,0,0,0,0,0,0,0,0,0,0,0,0,0,0,0,0,0,0,0,0,0,0,0,0,0,0,0,0,0,0,0,0,0,0,0,0,1,N 29˚28.563' W -89˚56.869',26.3,7.38,mesohaline,7.65,7.81,1,,3,R4,Fall,2021,0,0,0,0,0,1,0,0,0,0,0,0,1,17.3749792,29.500928,53.12412292
4,R1,Fall,2021,0,0,0,0,0,0,0,0,0,0,0,0,0,0,0,0,0,0,0,0,0,0,0,0,0,0,0,0,0,0,0,0,0,0,0,0,0,0,0,0,0,0,3,0,0,0,0,0,0,0,0,0,0,0,0,0,0,0,0,0,0,0,0,0,1,N 29˚29.873' W -90˚06.523',25.1,3.29,oligohaline,7.72,8.1,3,,4,R1,Fall,2021,0,3,0,0,0,0,0,0,0,0,0,0,1,13.2297987,28.020749,58.7494746
4,R2,Fall,2021,0,0,0,0,0,0,0,0,0,0,0,0,0,0,0,0,0,0,0,0,0,0,0,0,0,0,0,0,0,0,0,0,0,0,0,0,0,0,0,0,0,0,3,0,0,0,0,0,0,0,0,0,0,0,0,0,0,0,0,0,0,0,0,0,1,N 29˚29.873' W -90˚06.523',25.1,3.29,oligohaline,7.72,8.1,3,,4,R2,Fall,2021,0,3,0,0,0,0,0,0,0,0,0,0,1,13.2297987,28.020749,58.7494746
4,R3,Fall,2021,0,0,0,0,0,0,0,0,0,0,0,0,0,0,0,0,0,0,2,0,0,0,0,0,0,0,1,0,0,0,0,0,0,0,0,0,0,0,0,0,0,0,0,0,0,0,0,0,0,0,0,0,0,0,0,0,0,0,0,0,0,0,0,0,1,N 29˚29.873' W -90˚06.523',25.1,3.29,oligohaline,7.72,8.1,3,,4,R3,Fall,2021,2,0,0,0,0,0,0,0,0,0,0,0,1,13.2297987,28.020749,58.7494746
4,R4,Fall,2021,0,0,0,0,0,0,0,0,0,0,0,0,0,0,0,0,0,0,0,0,0,0,0,0,0,0,0,0,0,0,0,0,0,0,0,0,0,0,0,0,0,0,1,0,0,0,0,0,0,0,0,0,0,0,0,0,0,0,0,0,0,0,0,0,1,N 29˚29.873' W -90˚06.523',25.1,3.29,oligohaline,7.72,8.1,1,,4,4,Fall,2021,0,1,0,0,0,0,0,0,0,0,0,0,1,13.2297987,28.020749,58.7494746
5,R1,Fall,2021,0,0,0,0,0,0,0,0,0,0,0,0,0,0,0,0,0,0,0,0,0,0,0,0,0,0,0,0,0,0,0,0,0,0,0,0,0,0,0,0,0,0,0,0,0,0,0,0,0,0,0,0,0,0,0,0,0,0,0,0,0,0,0,0,1,N 29˚33.910' W -90˚09.916',25.7,2.41,oligohaline,6.94,7.62,0,,5,R1,Fall,2021,0,0,0,0,0,0,0,0,0,0,0,0,1,7.1531299,17.753442,75.0934696
5,R2,Fall,2021,0,0,0,0,0,0,0,0,0,0,0,0,0,0,0,0,0,0,0,0,0,0,0,0,0,0,0,0,0,0,0,0,0,0,0,0,0,0,0,0,0,0,0,0,0,0,0,0,0,0,0,1,0,0,0,0,0,0,0,0,0,0,0,0,1,N 29˚33.910' W -90˚09.916',25.7,2.41,oligohaline,6.94,7.62,1,,5,R2,Fall,2021,0,0,0,0,0,1,0,0,0,0,0,0,1,7.1531299,17.753442,75.0934696
5,R3,Fall,2021,0,0,0,0,0,0,0,0,0,0,0,0,0,0,0,0,0,0,0,0,0,0,0,0,0,0,0,0,0,0,0,0,0,0,0,0,0,0,0,0,0,0,0,0,0,0,0,0,0,0,0,1,0,0,0,0,0,0,0,0,0,0,0,0,1,N 29˚33.910' W -90˚09.916',25.7,2.41,oligohaline,6.94,7.62,1,,5,R3,Fall,2021,0,0,0,0,0,1,0,0,0,0,0,0,1,7.1531299,17.753442,75.0934696
5,R4,Fall,2021,0,0,0,0,0,0,0,0,0,0,0,0,0,0,0,0,0,0,0,0,0,0,0,0,0,0,0,0,0,0,0,0,0,0,0,0,0,0,0,0,0,0,0,0,0,0,0,0,0,0,0,0,0,0,0,0,0,0,0,0,0,0,0,0,1,N 29˚33.910' W -90˚09.916',25.7,2.41,oligohaline,6.94,7.62,0,,5,R4,Fall,2021,0,0,0,0,0,0,0,0,0,0,0,0,1,7.1531299,17.753442,75.0934696
6,R1,Fall,2021,0,0,0,1,0,0,0,0,0,0,0,0,0,0,0,0,0,0,0,0,0,0,0,0,0,0,0,0,0,0,0,0,0,0,0,0,0,0,0,0,0,0,0,0,0,0,0,0,0,0,0,0,0,0,0,0,0,0,0,0,0,0,0,0,1,N 29˚29.796' W -90˚02.524',26.5,3.9,oligohaline,7.09,8.01,1,,6,R1,Fall,2021,0,1,0,0,0,0,0,0,0,0,0,0,1,8.6034726,18.342648,73.05388
6,R2,Fall,2021,1,0,0,0,0,0,0,0,0,0,0,0,0,0,0,0,0,0,0,0,0,0,0,0,0,0,0,0,0,0,0,0,0,0,0,0,0,0,0,0,0,0,0,0,0,0,0,0,0,0,0,0,0,0,0,0,0,0,0,0,0,0,0,0,1,N 29˚29.796' W -90˚02.524',26.5,3.9,oligohaline,7.09,8.01,1,,6,R2,Fall,2021,0,0,0,0,0,1,0,0,0,0,0,0,1,8.6034726,18.342648,73.05388
6,R3,Fall,2021,0,0,0,0,0,0,0,0,0,0,0,0,0,0,0,0,0,0,1,0,0,0,0,0,0,0,0,0,0,1,0,0,0,0,0,0,0,0,0,0,0,0,0,0,0,0,0,0,0,0,0,0,0,0,0,0,0,0,0,0,0,0,0,0,1,N 29˚29.796' W -90˚02.524',26.5,3.9,oligohaline,7.09,8.01,2,,6,R3,Fall,2021,2,0,0,0,0,0,0,0,0,0,0,0,1,8.6034726,18.342648,73.05388
6,R4,Fall,2021,0,0,0,0,0,0,0,0,0,0,0,0,0,0,1,0,0,0,0,0,0,0,0,0,0,0,0,0,0,0,0,0,0,0,0,0,0,0,0,0,0,0,0,0,0,0,0,0,0,0,0,0,0,0,0,0,0,0,0,0,0,0,0,0,1,N 29˚29.796' W -90˚02.524',26.5,3.9,oligohaline,7.09,8.01,1,,6,R4,Fall,2021,1,0,0,0,0,0,0,0,0,0,0,0,1,8.6034726,18.342648,73.05388
7,R1,Fall,2021,0,0,0,0,0,0,0,0,0,0,0,0,0,0,0,0,0,0,0,0,0,0,0,0,0,0,0,0,0,0,0,0,0,0,0,0,0,0,0,0,0,0,0,0,0,0,0,0,0,0,0,0,0,0,0,0,0,0,0,0,0,0,0,0,1,N 29˚29.829' W -90˚00.577',27.4,4.09,oligohaline,7.46,8.05,0,,7,R1,Fall,2021,0,0,0,0,0,0,0,0,0,0,0,0,1,10.7061448,23.779207,65.5146576
7,R2,Fall,2021,0,0,0,0,0,0,0,0,0,0,0,0,0,0,0,0,0,0,1,0,0,0,0,0,0,0,0,0,0,0,0,0,0,0,0,0,0,0,0,0,0,0,0,0,0,0,0,0,0,0,0,0,0,0,0,0,0,0,0,0,0,0,0,0,1,N 29˚29.829' W -90˚00.577',27.4,4.09,oligohaline,7.46,8.05,1,,7,R2,Fall,2021,1,0,0,0,0,0,0,0,0,0,0,0,1,10.7061448,23.779207,65.5146576
7,R3,Fall,2021,0,0,0,0,0,0,0,0,0,0,0,0,0,0,0,0,0,0,0,0,0,0,0,0,0,0,0,0,0,0,0,0,0,0,0,0,0,0,0,0,0,0,0,0,0,0,0,0,0,0,0,1,0,0,0,0,0,0,0,0,0,0,0,0,1,N 29˚29.829' W -90˚00.577',27.4,4.09,oligohaline,7.46,8.05,1,,7,R3,Fall,2021,0,0,0,0,0,1,0,0,0,0,0,0,1,10.7061448,23.779207,65.5146576
7,R4,Fall,2021,4,0,0,0,0,0,0,0,0,0,0,0,0,0,0,0,0,0,0,0,0,0,0,0,0,0,0,0,0,0,0,0,0,0,0,0,0,0,0,0,0,0,0,0,0,0,0,0,0,0,0,0,0,0,0,0,0,0,0,0,0,0,0,0,1,N 29˚29.829' W -90˚00.577',27.4,4.09,oligohaline,7.46,8.05,4,,7,R4,Fall,2021,0,0,0,0,0,4,0,0,0,0,0,0,1,10.7061448,23.779207,65.5146576
8,R1,Fall,2021,0,0,0,1,0,0,0,0,0,0,0,0,0,0,2,0,0,0,0,0,0,0,0,0,0,0,0,0,0,0,0,0,0,0,0,0,0,0,0,0,0,0,0,0,0,0,0,0,0,0,0,0,0,0,0,0,0,0,0,0,0,0,0,0,1,N 29˚17.806' W -89˚54.599',27,23.13,polyhaline,7.4,8.43,3,,8,R1,Fall,2021,2,1,0,0,0,0,0,0,0,0,0,0,1,1.34263434,0.924597,97.73277001
8,R2,Fall,2021,0,0,0,1,0,0,0,0,0,0,0,0,0,0,0,0,0,0,0,0,1,0,0,0,0,0,0,0,0,0,0,0,0,0,0,0,0,0,0,0,0,0,0,0,0,0,0,0,0,0,0,0,0,0,0,0,0,0,0,0,0,0,0,0,1,N 29˚17.806' W -89˚54.599',27,23.13,polyhaline,7.4,8.43,2,,8,R2,Fall,2021,1,1,0,0,0,0,0,0,0,0,0,0,1,1.34263434,0.924597,97.73277001
8,R3,Fall,2021,0,0,0,0,0,0,0,0,0,0,0,0,0,0,0,0,0,0,0,0,0,0,0,0,0,0,0,0,0,0,0,0,0,0,0,0,0,0,0,0,0,0,0,0,0,0,0,0,0,0,0,0,0,0,0,0,0,0,0,0,0,0,0,0,1,N 29˚17.806' W -89˚54.599',27,23.13,polyhaline,7.4,8.43,0,,8,R3,Fall,2021,0,0,0,0,0,0,0,0,0,0,0,0,1,1.34263434,0.924597,97.73277001
9,R1,Fall,2021,0,0,0,1,0,0,0,0,0,0,0,0,0,0,0,0,0,0,0,0,0,0,0,0,0,0,0,0,0,0,0,0,0,0,0,0,0,0,0,0,0,0,0,0,0,0,0,0,0,0,0,0,0,0,0,0,0,0,0,0,0,0,0,0,1,N 29˚16.079' W -89˚57.442',27,21.62,polyhaline,7.14,8.38,1,,9,R1,Fall,2021,0,1,0,0,0,0,0,0,0,0,0,0,1,1.07258349,0.5332591,98.39410596
9,R2,Fall,2021,0,0,0,0,0,0,0,0,0,0,0,0,0,0,0,0,0,0,0,2,0,0,0,0,0,0,0,0,0,0,0,0,0,0,0,0,0,0,0,0,0,0,0,0,0,6,0,0,0,0,0,0,0,1,0,0,0,0,0,0,0,0,0,0,1,N 29˚16.079' W -89˚57.442',27,21.62,polyhaline,7.14,8.38,9,,9,R2,Fall,2021,0,6,1,0,0,0,2,0,0,0,0,0,1,1.07258349,0.5332591,98.39410596
9,R3,Fall,2021,0,0,0,0,0,0,0,0,0,0,0,0,0,0,0,0,0,0,0,0,0,0,0,0,0,0,0,0,0,0,0,0,0,0,0,0,0,0,0,0,0,0,0,0,0,1,0,0,0,0,0,0,0,0,0,0,0,0,0,0,0,0,0,0,1,N 29˚16.079' W -89˚57.442',27,21.62,polyhaline,7.14,8.38,1,,9,R3,Fall,2021,0,1,0,0,0,0,0,0,0,0,0,0,1,1.07258349,0.5332591,98.39410596
10,R1,Fall,2021,0,0,0,0,0,0,0,0,0,0,0,0,0,0,0,0,0,0,0,0,0,0,0,0,0,0,0,0,0,0,0,0,0,0,0,0,0,0,0,0,0,0,0,0,0,0,0,0,0,0,0,0,0,0,0,0,0,0,0,0,0,0,0,0,1,N 29˚17.776' W -90˚00.999',27.4,18.9,polyhaline,6.22,8.16,0,,10,R1,Fall,2021,0,0,0,0,0,0,0,0,0,0,0,0,1,14.3438078,24.499875,61.15632455
10,R2,Fall,2021,0,0,0,0,0,0,0,0,0,0,0,0,0,0,0,0,0,0,0,0,0,0,0,0,0,0,0,0,0,0,0,0,0,0,0,0,0,0,0,0,0,0,0,0,0,0,0,0,0,0,0,0,0,0,0,0,0,0,0,0,0,0,0,0,1,N 29˚17.776' W -90˚00.999',27.4,18.9,polyhaline,6.22,8.16,0,,10,R2,Fall,2021,0,0,0,0,0,0,0,0,0,0,0,0,1,14.3438078,24.499875,61.15632455
10,R3,Fall,2021,0,0,0,0,0,0,0,0,0,0,0,0,0,0,0,0,0,0,0,0,0,0,0,0,0,0,0,0,0,0,0,0,0,0,0,0,0,0,0,0,0,0,0,0,0,0,0,0,0,0,0,0,0,0,0,0,0,0,0,0,0,0,0,0,1,N 29˚17.776' W -90˚00.999',27.4,18.9,polyhaline,6.22,8.16,0,,10,R3,Fall,2021,0,0,0,0,0,0,0,0,0,0,0,0,1,14.3438078,24.499875,61.15632455
11,R1,Fall,2021,0,0,0,0,0,0,0,0,0,0,0,0,0,0,0,0,0,0,0,0,0,0,0,0,0,0,0,0,0,1,0,0,0,0,0,0,0,0,0,0,0,0,2,1,0,0,1,0,0,0,0,0,0,0,0,0,0,0,0,0,0,0,0,0,1,N 29˚17.268' W -90˚02.661',27,14.81,mesohaline,7.1,8.22,5,,11,R1,Fall,2021,1,3,1,0,0,0,1,0,0,0,0,0,1,21.93301,39.93597,38.13103378
11,R2,Fall,2021,0,0,0,0,0,0,0,0,0,0,0,0,0,0,0,0,0,0,0,0,0,0,0,0,0,0,0,0,0,0,0,0,0,0,0,0,0,0,0,0,1,0,0,0,0,0,0,0,0,0,0,0,0,0,0,0,0,0,0,0,0,0,0,0,1,N 29˚17.268' W -90˚02.661',27,14.81,mesohaline,7.1,8.22,1,,11,R2,Fall,2021,0,0,1,0,0,0,0,0,0,0,0,0,1,21.93301,39.93597,38.13103378
11,R3,Fall,2021,0,0,0,0,0,0,0,0,0,0,0,0,0,0,0,0,0,0,0,0,0,0,0,0,0,0,0,0,0,0,0,0,0,0,0,0,0,0,0,0,0,0,0,0,0,0,0,0,0,0,0,0,0,0,0,0,0,0,0,0,0,0,0,0,1,N 29˚17.268' W -90˚02.661',27,14.81,mesohaline,7.1,8.22,0,,11,R3,Fall,2021,0,0,0,0,0,0,0,0,0,0,0,0,1,21.93301,39.93597,38.13103378
12,R1,Fall,2021,0,0,0,0,0,0,0,0,0,0,0,0,0,0,0,0,0,0,0,0,0,0,0,0,0,0,0,0,0,0,0,0,0,0,0,0,0,0,0,0,0,0,0,0,0,0,0,0,0,0,0,0,0,0,0,0,0,0,0,0,0,0,0,0,1,N 29˚17.218' W -90˚08.354',27.1,9.9,mesohaline,6.91,8.12,0,,12,R1,Fall,2021,0,0,0,0,0,0,0,0,0,0,0,0,1,13.249841,25.719914,61.030235
12,R2,Fall,2021,0,0,0,0,0,0,0,0,0,0,0,0,0,0,0,0,0,0,0,0,0,0,0,0,0,0,0,0,0,0,0,0,0,0,0,0,0,0,0,0,0,0,0,0,0,0,0,0,0,0,0,0,0,0,0,0,0,0,0,0,0,0,0,0,1,N 29˚17.218' W -90˚08.354',27.1,9.9,mesohaline,6.91,8.12,0,,12,R2,Fall,2021,0,0,0,0,0,0,0,0,0,0,0,0,1,13.249841,25.719914,61.030235
12,R3,Fall,2021,0,0,0,0,0,0,0,0,0,0,0,0,0,0,0,0,0,0,0,0,0,0,0,0,0,0,0,0,0,0,0,0,0,0,0,0,0,0,0,0,0,0,0,0,0,0,0,0,0,0,0,0,0,0,0,0,0,0,0,0,0,0,0,0,1,N 29˚17.218' W -90˚08.354',27.1,9.9,mesohaline,6.91,8.12,0,,12,R3,Fall,2021,0,0,0,0,0,0,0,0,0,0,0,0,1,13.249841,25.719914,61.030235
13,R1,Fall,2021,0,0,0,0,0,0,0,0,0,0,0,0,0,0,0,0,0,0,0,0,0,0,0,0,0,0,0,0,0,0,0,0,0,0,0,0,0,0,0,0,0,0,0,0,0,0,0,0,1,0,0,0,0,0,0,0,0,0,0,0,0,0,0,0,1,N 29˚19.399' W -89˚50.433',27,21.54,polyhaline,7.68,8.45,1,,13,R1,Fall,2021,0,0,0,0,0,1,0,0,0,0,0,0,1,0,0,99.9999102
13,R2,Fall,2021,0,0,0,0,0,0,0,0,0,0,0,0,0,0,0,0,0,0,0,0,0,0,0,0,0,0,0,0,0,0,0,0,0,0,0,0,0,0,0,0,0,0,0,0,0,0,0,0,0,0,0,0,0,0,0,0,0,0,0,0,0,0,0,0,1,N 29˚19.399' W -89˚50.433',27,21.54,polyhaline,7.68,8.45,0,,13,R2,Fall,2021,0,0,0,0,0,0,0,0,0,0,0,0,1,0,0,99.9999102
13,R3,Fall,2021,0,0,0,0,0,0,0,0,0,0,0,0,0,0,0,0,0,0,0,0,0,0,0,0,0,0,0,0,0,0,0,0,0,0,0,0,0,0,0,0,0,0,0,0,0,0,0,0,0,0,0,0,0,0,0,0,0,0,0,0,0,0,0,0,1,N 29˚19.399' W -89˚50.433',27,21.54,polyhaline,7.68,8.45,0,,13,R3,Fall,2021,0,0,0,0,0,0,0,0,0,0,0,0,1,0,0,99.9999102
14,R1,Fall,2021,0,0,0,0,0,0,0,0,0,0,0,0,0,0,0,0,0,0,0,0,0,0,0,0,0,0,0,0,0,0,0,0,0,0,0,0,0,0,0,0,0,0,0,0,0,0,0,0,0,0,0,0,0,0,0,0,0,0,0,0,0,0,0,0,1,N 29˚19.247' W -89˚50.235',29.6,21.42,polyhaline,7.35,8.36,0,,14,R1,Fall,2021,0,0,0,0,0,0,0,0,0,0,0,0,1,12.0239185,20.779487,67.19659609
14,R2,Fall,2021,0,0,0,0,0,0,0,0,0,0,0,0,0,0,0,0,0,0,0,0,0,0,0,0,0,0,0,0,0,0,0,0,0,0,0,0,0,0,0,0,0,0,0,0,0,0,0,0,0,0,0,0,0,0,0,0,0,0,0,0,0,0,0,0,1,N 29˚19.247' W -89˚50.235',29.6,21.42,polyhaline,7.35,8.36,0,,14,R2,Fall,2021,0,0,0,0,0,0,0,0,0,0,0,0,1,12.0239185,20.779487,67.19659609
14,R3,Fall,2021,0,0,0,1,0,0,0,0,0,0,0,0,0,0,0,0,0,0,0,0,0,0,0,0,0,0,0,0,0,0,0,0,0,0,0,0,0,0,0,0,0,0,0,0,0,0,0,0,0,0,0,0,0,0,0,0,0,0,0,0,0,0,0,0,1,N 29˚19.247' W -89˚50.235',29.6,21.42,polyhaline,7.35,8.36,1,,14,R3,Fall,2021,0,1,0,0,0,0,0,0,0,0,0,0,1,12.0239185,20.779487,67.19659609
15,R1,Fall,2021,0,0,0,1,0,0,0,0,0,0,0,0,0,0,0,0,0,0,0,0,0,0,0,0,0,0,0,0,0,0,0,0,0,0,0,0,0,0,0,0,0,0,0,0,0,0,0,0,0,0,0,0,0,0,0,0,0,0,0,0,0,0,1,1,1,N 29˚15.301' W -89˚58.598',27.1,21.05,polyhaline,7.13,8.3,3,,15,R1,Fall,2021,0,1,0,0,0,1,0,0,0,0,0,1,1,15.0178421,24.425314,60.55683939
15,R2,Fall,2021,1,0,0,0,0,0,0,0,3,0,0,0,0,0,0,0,0,0,0,0,0,0,0,0,0,0,0,0,0,0,0,0,0,0,0,0,0,0,0,0,0,0,0,0,0,0,0,0,0,0,0,0,0,0,0,0,0,0,0,0,0,0,0,0,1,N 29˚15.301' W -89˚58.598',27.1,21.05,polyhaline,7.13,8.3,4,,15,R2,Fall,2021,0,3,0,0,0,1,0,0,0,0,0,0,1,15.0178421,24.425314,60.55683939
15,R3,Fall,2021,0,0,0,0,0,0,0,0,0,0,0,0,0,0,0,0,0,0,0,0,1,0,0,0,0,0,0,0,0,0,0,0,0,0,1,0,0,0,0,0,0,0,0,0,0,0,0,0,0,0,0,0,0,0,0,0,0,0,0,0,0,0,0,0,1,N 29˚15.301' W -89˚58.598',27.1,21.05,polyhaline,7.13,8.3,2,,15,R3,Fall,2021,1,0,0,0,0,0,1,0,0,0,0,0,1,15.0178421,24.425314,60.55683939
1,R1,Spring,2022,1,0,0,0,0,0,0,0,0,0,0,0,0,0,0,0,0,0,0,0,1,0,0,0,0,0,1,0,0,0,0,0,0,0,0,0,0,0,0,0,0,0,0,0,0,0,0,0,0,0,0,0,0,0,0,0,0,0,0,0,0,0,0,0,1,,17.2,26.5,polyhaline,,8.43,3,,1,R1,Spring,2022,1,1,0,0,0,0,0,0,0,0,0,0,1,2.3809358,2.0713162,95.5477968
1,R2,Spring,2022,2,0,0,0,0,0,0,0,0,0,0,0,1,0,7,2,0,0,0,0,1,0,0,0,0,0,0,0,1,0,0,0,0,0,0,0,0,0,0,0,0,0,0,0,0,0,0,0,0,0,0,0,0,0,0,0,0,0,0,0,0,0,0,0,1,,17.2,26.5,polyhaline,,8.43,14,,1,R2,Spring,2022,9,0,1,0,0,2,2,0,0,0,0,0,1,2.3809358,2.0713162,95.5477968
1,R3,Spring,2022,0,0,0,0,0,0,0,0,0,0,0,0,0,0,1,2,0,0,0,0,2,0,0,0,0,0,0,0,0,0,1,0,0,0,0,0,0,0,0,0,0,0,0,0,0,0,0,0,0,0,0,0,0,0,0,0,0,0,0,0,1,0,0,0,1,,17.2,26.5,polyhaline,,8.43,7,,1,R3,Spring,2022,3,0,0,0,0,0,3,0,0,0,0,1,1,2.3809358,2.0713162,95.5477968
2,R1,Spring,2022,1,0,0,0,0,0,0,0,0,0,0,0,0,0,0,0,0,0,0,0,0,0,0,0,0,0,1,0,0,0,0,0,0,0,0,0,0,0,0,0,0,0,0,0,0,0,0,0,0,0,0,0,0,0,0,0,0,0,0,0,0,0,0,0,1,,17.1,10.26,mesohaline,,8.54,2,,2,R1,Spring,2022,0,0,1,0,0,1,0,0,0,0,0,0,1,13.176932,28.531268,58.29178257
2,R2,Spring,2022,1,0,0,0,0,0,0,0,0,0,0,0,0,0,0,0,0,0,0,0,0,0,0,0,0,0,1,0,0,0,0,0,0,0,0,0,0,0,0,0,0,0,0,0,0,0,0,0,0,0,0,0,0,0,0,0,0,0,0,0,0,0,0,0,1,,17.1,10.26,mesohaline,,8.54,2,,2,R2,Spring,2022,0,0,1,0,0,1,0,0,0,0,0,0,1,13.176932,28.531268,58.29178257
2,R3,Spring,2022,0,0,0,0,0,0,0,0,2,0,0,0,0,0,0,0,0,0,0,0,0,0,0,0,0,0,0,0,0,0,0,0,0,0,0,0,0,0,0,0,0,0,0,0,0,0,0,0,0,0,0,0,0,0,0,0,0,0,0,0,0,0,0,0,1,,17.1,10.26,mesohaline,,8.54,2,,2,R3,Spring,2022,0,2,0,0,0,0,0,0,0,0,0,0,1,13.176932,28.531268,58.29178257
3,R1,Spring,2022,0,0,0,7,0,0,0,0,8,0,0,0,0,0,1,0,0,0,2,0,0,0,0,0,0,0,0,0,0,0,0,0,0,0,0,0,0,0,0,0,0,0,0,0,0,0,0,0,0,0,0,0,0,0,0,0,0,0,0,0,0,0,0,0,1,,15.8,13.96,mesohaline,,8.54,18,,3,R1,Spring,2022,3,15,0,0,0,0,0,0,0,0,0,0,1,17.3749792,29.500928,53.12412292
3,R2,Spring,2022,1,0,0,2,0,0,0,0,3,0,0,0,0,0,5,0,0,0,0,0,0,0,1,0,0,0,1,0,0,2,0,0,0,0,0,0,0,0,0,0,1,0,0,0,0,0,0,0,0,0,0,0,0,0,0,0,0,0,0,0,0,0,0,0,1,,15.8,13.96,mesohaline,,8.54,16,,3,R2,Spring,2022,7,5,2,0,0,1,0,0,0,0,0,0,1,17.3749792,29.500928,53.12412292
3,R3,Spring,2022,0,0,0,6,0,0,0,0,5,0,0,0,0,0,1,0,0,0,0,0,0,0,2,0,0,0,0,0,0,0,0,0,0,0,0,0,0,0,0,0,0,0,0,0,0,0,0,0,0,0,0,0,0,0,0,0,0,0,0,0,0,1,0,0,1,,15.8,13.96,mesohaline,,8.54,15,,3,R3,Spring,2022,1,11,0,0,0,2,0,0,0,0,0,1,1,17.3749792,29.500928,53.12412292
4,R1,Spring,2022,0,0,0,0,0,0,0,0,0,0,1,0,0,0,1,0,0,0,0,0,0,0,0,0,0,0,3,0,0,0,0,0,0,0,0,0,0,0,0,0,0,0,15,0,3,0,0,0,0,0,0,0,0,0,0,0,0,0,0,0,0,0,0,0,1,,8.3,1.849,oligohaline,,8.25,23,,4,R1,Spring,2022,5,18,0,0,0,0,0,0,0,0,0,0,1,13.2297987,28.020749,58.7494746
4,R2,Spring,2022,0,0,0,0,0,0,0,0,0,0,0,0,0,0,0,0,0,0,2,0,0,0,0,0,0,0,0,0,0,0,0,0,0,0,0,0,0,0,0,0,0,0,13,0,0,0,0,0,0,0,0,0,0,0,0,0,0,0,0,0,0,0,0,0,1,,8.3,1.849,oligohaline,,8.25,15,,4,R2,Spring,2022,2,13,0,0,0,0,0,0,0,0,0,0,1,13.2297987,28.020749,58.7494746
4,R3,Spring,2022,0,0,0,0,0,0,0,0,0,0,0,0,0,0,0,0,0,0,2,0,0,0,0,0,0,0,0,0,0,0,0,0,0,0,0,0,0,0,0,0,0,0,8,0,0,0,0,0,0,0,0,0,0,0,0,0,0,0,0,0,0,0,0,0,1,,8.3,1.849,oligohaline,,8.25,10,,4,R3,Spring,2022,2,8,0,0,0,0,0,0,0,0,0,0,1,13.2297987,28.020749,58.7494746
5,R1,Spring,2022,0,0,0,0,0,0,0,0,0,0,0,0,0,0,0,0,0,0,0,0,0,0,0,0,0,0,0,0,0,0,0,0,0,0,0,0,0,0,0,0,0,0,0,0,0,0,0,0,0,0,0,0,0,0,0,0,0,0,0,0,0,0,0,0,1,,11.3,0,oligohaline,,8.39,0,,5,R1,Spring,2022,0,0,0,0,0,0,0,0,0,0,0,0,1,7.1531299,17.753442,75.0934696
5,R2,Spring,2022,0,0,0,0,0,0,0,0,0,0,0,0,0,0,0,0,0,0,0,0,0,0,0,0,0,0,0,0,0,0,0,0,0,0,0,0,0,0,0,0,0,0,0,0,0,0,0,0,0,0,0,0,0,0,0,0,0,0,0,0,0,0,0,0,1,,11.3,0,oligohaline,,8.39,0,,5,R2,Spring,2022,0,0,0,0,0,0,0,0,0,0,0,0,1,7.1531299,17.753442,75.0934696
5,R3,Spring,2022,0,0,0,0,0,0,0,0,0,0,0,0,0,0,0,0,0,0,0,0,0,0,0,0,0,0,0,0,0,0,0,0,0,0,0,0,0,0,0,0,0,0,0,0,0,0,0,0,0,0,0,0,0,0,0,0,0,0,0,0,0,0,0,0,1,,11.3,0,oligohaline,,8.39,0,,5,R3,Spring,2022,0,0,0,0,0,0,0,0,0,0,0,0,1,7.1531299,17.753442,75.0934696
6,R1,Spring,2022,0,0,0,0,0,0,0,0,0,0,0,0,0,0,0,0,0,0,0,0,0,0,0,0,0,0,0,0,0,0,0,0,0,0,0,0,0,0,0,0,0,0,0,0,0,0,0,0,0,0,0,0,0,0,0,0,0,0,0,0,0,0,0,0,1,,15,0,oligohaline,,8.37,0,,6,R1,Spring,2022,0,0,0,0,0,0,0,0,0,0,0,0,1,8.6034726,18.342648,73.05388
6,R2,Spring,2022,0,0,0,0,0,0,0,0,0,0,0,0,0,0,0,0,0,0,0,0,0,0,1,0,0,0,0,0,0,0,0,0,0,0,0,0,0,0,0,0,0,0,0,0,0,0,0,0,0,0,0,0,0,0,0,0,0,0,0,0,0,0,0,0,1,,15,0,oligohaline,,8.37,1,,6,R2,Spring,2022,0,0,0,0,0,1,0,0,0,0,0,0,1,8.6034726,18.342648,73.05388
6,R3,Spring,2022,1,0,0,0,0,0,0,0,0,0,0,0,0,0,0,0,0,0,0,0,0,0,1,0,0,0,0,0,0,0,0,0,0,0,0,0,0,0,0,0,0,0,1,0,0,0,0,0,0,0,0,0,0,0,0,0,0,0,0,0,0,0,0,0,1,,15,0,oligohaline,,8.37,3,,6,R3,Spring,2022,0,1,0,0,0,2,0,0,0,0,0,0,1,8.6034726,18.342648,73.05388
7,R1,Spring,2022,0,0,0,0,0,0,0,0,0,0,0,0,0,0,1,0,0,0,0,0,0,0,1,0,0,0,0,0,0,0,0,0,0,0,0,0,0,0,0,0,0,0,0,0,0,0,0,0,0,0,0,0,0,0,0,0,0,0,0,0,0,0,0,0,1,,14.7,6.663,mesohaline,,8.44,2,,7,R1,Spring,2022,1,0,0,0,0,1,0,0,0,0,0,0,1,10.7061448,23.779207,65.5146576
7,R2,Spring,2022,0,0,0,0,0,0,0,0,0,0,0,0,0,0,1,0,0,0,0,0,0,0,1,0,0,0,0,0,0,0,0,0,0,0,0,0,0,0,0,0,0,0,0,0,0,0,0,0,0,0,0,0,0,0,0,0,0,0,0,0,0,0,0,0,1,,14.7,6.663,mesohaline,,8.44,2,,7,R2,Spring,2022,1,0,0,0,0,1,0,0,0,0,0,0,1,10.7061448,23.779207,65.5146576
7,R3,Spring,2022,1,0,0,0,0,0,0,0,4,0,0,0,0,0,3,0,0,0,0,0,0,0,1,0,0,0,0,0,0,0,0,0,0,0,0,0,0,0,0,0,0,0,0,0,0,0,0,0,0,0,0,0,0,0,0,0,0,0,0,0,0,0,0,0,1,,14.7,6.663,mesohaline,,8.44,9,,7,R3,Spring,2022,3,4,0,0,0,2,0,0,0,0,0,0,1,10.7061448,23.779207,65.5146576
8,R1,Spring,2022,0,0,0,0,0,0,0,0,1,0,0,0,0,0,0,0,0,0,0,0,1,0,0,0,0,0,0,0,0,0,0,0,0,0,0,0,0,1,0,0,0,0,0,0,0,0,0,0,0,0,0,0,0,0,0,0,0,0,0,0,1,0,0,0,1,,15.9,23.5,polyhaline,,8.46,4,,8,R1,Spring,2022,1,1,0,0,0,0,0,0,0,0,0,2,1,1.34263434,0.924597,97.73277001
8,R2,Spring,2022,2,0,0,0,0,0,0,0,0,0,0,0,0,1,0,0,0,0,0,0,0,0,0,0,0,0,0,0,0,0,0,0,0,0,0,0,0,0,0,0,0,0,0,0,0,1,0,0,0,0,0,1,0,0,0,0,0,0,0,0,0,0,0,0,1,,15.9,23.5,polyhaline,,8.46,5,,8,R2,Spring,2022,1,1,0,0,0,3,0,0,0,0,0,0,1,1.34263434,0.924597,97.73277001
8,R3,Spring,2022,0,0,0,0,0,0,0,0,0,0,0,0,0,0,0,0,0,0,0,0,0,0,0,0,0,0,0,0,0,0,0,0,0,0,0,0,0,0,0,0,0,0,0,0,0,2,0,0,0,0,0,0,0,0,0,0,0,0,0,0,0,0,0,0,1,,15.9,23.5,polyhaline,,8.46,2,,8,R3,Spring,2022,0,2,0,0,0,0,0,0,0,0,0,0,1,1.34263434,0.924597,97.73277001
9,R1,Spring,2022,0,0,0,0,0,0,0,0,1,0,0,0,0,0,0,0,0,0,0,0,0,0,0,0,0,0,1,0,0,0,0,0,0,0,0,0,0,0,1,0,0,0,0,0,0,1,0,0,0,1,0,0,0,0,0,0,0,0,0,0,0,0,0,0,1,,14.4,21.5,polyhaline,,8.56,5,,9,R1,Spring,2022,0,2,1,0,0,1,2,0,0,0,0,1,1,1.07258349,0.5332591,98.39410596
9,R2,Spring,2022,0,0,0,0,0,0,0,0,1,0,0,0,0,0,0,0,0,0,0,0,0,0,0,0,0,0,0,0,0,0,0,0,0,0,0,0,0,0,0,0,0,0,0,0,0,0,0,0,0,0,0,0,1,0,0,0,0,0,0,0,0,0,0,0,1,,14.4,21.5,polyhaline,,8.56,2,,9,R2,Spring,2022,0,1,0,0,0,0,1,0,0,0,0,0,1,1.07258349,0.5332591,98.39410596
9,R3,Spring,2022,1,0,0,0,0,0,0,0,0,0,0,0,0,0,1,0,0,0,0,0,0,0,0,0,0,0,0,0,0,0,0,0,0,0,0,0,0,0,0,0,0,0,1,0,0,3,0,0,0,0,0,0,0,0,0,0,0,0,0,0,0,0,0,0,1,,14.4,21.5,polyhaline,,8.56,6,,9,R3,Spring,2022,1,3,0,0,0,1,0,0,0,0,0,0,1,1.07258349,0.5332591,98.39410596
10,R1,Spring,2022,0,0,0,0,0,0,0,0,0,0,0,0,0,0,0,0,0,0,1,0,0,0,0,0,0,1,0,0,0,0,0,0,0,0,0,0,0,0,0,0,2,0,1,0,0,0,0,0,0,0,0,0,0,0,0,0,0,0,0,0,0,0,0,0,1,,16.8,19,polyhaline,,8.71,5,,10,R1,Spring,2022,1,2,2,0,0,0,0,0,0,0,0,0,1,14.3438078,24.499875,61.15632455
10,R2,Spring,2022,0,0,0,0,0,0,0,0,0,0,0,0,0,0,0,0,0,0,0,0,0,0,0,0,0,0,0,0,0,1,0,0,0,0,0,0,0,0,0,0,0,0,0,0,0,0,0,0,0,0,0,0,0,0,0,0,0,0,0,0,0,0,0,0,1,,16.8,19,polyhaline,,8.71,1,,10,R2,Spring,2022,1,0,0,0,0,0,0,0,0,0,0,0,1,14.3438078,24.499875,61.15632455
10,R3,Spring,2022,0,0,0,0,0,0,0,0,0,0,0,0,0,0,0,0,0,0,1,0,0,0,0,0,0,0,0,0,0,0,0,0,0,0,0,0,0,0,0,0,0,0,0,0,0,0,0,0,0,0,0,0,0,0,0,0,0,0,0,0,0,0,0,0,1,,16.8,19,polyhaline,,8.71,1,,10,R3,Spring,2022,1,0,0,0,0,0,0,0,0,0,0,0,1,14.3438078,24.499875,61.15632455
11,R1,Spring,2022,0,0,0,0,0,0,0,0,0,0,0,0,0,0,0,0,0,0,5,0,0,0,0,0,0,2,0,0,0,0,0,0,0,0,0,0,0,0,0,0,0,0,0,0,0,0,0,0,0,0,0,0,0,0,0,0,0,0,0,0,0,0,0,0,1,,16.1,19.5,polyhaline,,8.68,7,,11,R1,Spring,2022,5,2,0,0,0,0,0,0,0,0,0,0,1,21.93301,39.93597,38.13103378
11,R2,Spring,2022,0,0,0,1,0,0,0,0,0,0,0,0,0,0,0,0,0,0,0,0,0,0,0,0,0,0,0,0,0,0,0,0,0,0,0,0,0,0,0,0,0,0,0,0,0,0,0,0,0,0,0,0,0,0,0,0,0,0,0,0,0,0,0,0,1,,16.1,19.5,polyhaline,,8.68,1,,11,R2,Spring,2022,0,1,0,0,0,0,0,0,0,0,0,0,1,21.93301,39.93597,38.13103378
11,R3,Spring,2022,0,0,0,0,0,0,0,0,0,0,0,0,0,0,0,0,0,0,1,0,0,0,0,0,0,1,0,0,0,0,0,0,0,0,0,0,0,0,0,0,1,0,0,0,0,0,0,0,0,0,0,0,1,0,0,0,0,0,0,0,0,0,0,0,1,,16.1,19.5,polyhaline,,8.68,4,,11,R3,Spring,2022,1,1,1,0,0,0,1,0,0,0,0,0,1,21.93301,39.93597,38.13103378
12,R1,Spring,2022,0,0,0,4,0,0,0,0,0,0,0,0,0,0,0,0,0,0,0,0,0,0,0,0,0,0,0,0,0,0,0,0,0,0,0,0,0,0,0,0,1,0,0,0,0,0,0,0,0,0,0,0,0,0,0,0,0,0,0,0,0,0,0,0,1,,17.2,15,mesohaline,,8.42,5,,12,R1,Spring,2022,0,4,1,0,0,0,0,0,0,0,0,0,1,13.249841,25.719914,61.030235
12,R2,Spring,2022,0,0,0,1,0,0,0,0,0,0,0,0,0,0,0,0,0,0,0,0,0,0,0,0,0,0,0,0,0,0,0,0,0,0,0,0,0,0,0,0,0,0,0,0,0,0,0,0,0,0,0,0,0,0,0,0,0,0,0,0,0,0,0,0,1,,17.2,15,mesohaline,,8.42,1,,12,R2,Spring,2022,0,1,0,0,0,0,0,0,0,0,0,0,1,13.249841,25.719914,61.030235
12,R3,Spring,2022,0,0,0,1,0,0,0,0,1,0,0,0,0,0,0,0,0,0,0,0,0,0,0,0,0,0,0,0,0,0,0,0,0,0,0,0,0,0,0,0,1,0,0,0,0,0,0,0,0,0,0,0,0,0,0,0,0,0,0,0,0,0,0,0,1,,17.2,15,mesohaline,,8.42,3,,12,R3,Spring,2022,0,2,4,0,0,0,0,0,0,0,0,0,1,13.249841,25.719914,61.030235
13,R1,Spring,2022,0,0,0,0,0,0,0,0,0,0,0,0,0,0,0,0,0,0,0,0,0,0,0,0,0,0,1,0,0,0,0,0,0,0,0,0,0,0,0,0,0,0,0,0,0,0,0,0,0,0,0,0,0,0,0,0,0,0,0,0,0,0,0,0,1,,17,24.5,polyhaline,,8.53,1,,13,R1,Spring,2022,0,1,0,0,0,0,0,0,0,0,0,0,1,0,0,99.9999102
13,R2,Spring,2022,0,0,0,0,0,0,0,0,0,0,0,0,0,0,0,0,0,0,0,0,0,0,0,0,0,0,0,0,0,0,0,0,0,0,0,0,0,0,0,0,0,0,0,0,0,0,0,0,0,0,0,0,0,0,0,0,0,0,0,0,0,0,0,0,1,,17,24.5,polyhaline,,8.53,0,,13,R2,Spring,2022,0,0,0,0,0,0,0,0,0,0,0,0,1,0,0,99.9999102
13,R3,Spring,2022,0,0,0,0,0,0,0,0,0,0,0,0,0,0,0,0,0,0,1,1,1,1,0,0,0,0,0,0,0,0,0,0,0,0,0,0,0,0,0,0,0,0,0,0,0,0,0,0,0,1,0,0,0,0,0,0,0,0,0,0,0,0,0,0,1,,17,24.5,polyhaline,,8.53,5,,13,R3,Spring,2022,2,0,0,0,0,1,2,0,0,0,0,0,1,0,0,99.9999102
14,R1,Spring,2022,0,1,0,0,0,0,0,0,0,0,0,0,0,0,0,0,0,0,0,0,0,0,0,0,0,0,1,0,0,1,0,0,0,0,0,0,0,0,0,0,0,0,0,0,0,5,0,2,0,0,0,3,0,0,0,0,0,0,0,0,0,0,0,0,1,,16.7,24.5,polyhaline,,8.53,13,,14,R1,Spring,2022,1,6,1,0,0,3,0,0,0,0,0,1,1,12.0239185,20.779487,67.19659609
14,R2,Spring,2022,0,1,0,0,0,0,0,0,1,0,0,0,0,0,0,0,0,0,0,0,0,0,0,0,0,0,1,0,0,2,0,1,0,0,0,0,0,0,0,0,0,0,0,0,0,8,0,0,0,0,0,3,0,0,0,0,0,0,0,0,0,0,0,0,1,,16.7,24.5,polyhaline,,8.53,17,,14,R2,Spring,2022,2,10,1,0,0,3,0,0,0,0,0,1,1,12.0239185,20.779487,67.19659609
14,R3,Spring,2022,1,1,0,0,0,0,0,0,0,0,0,0,0,0,0,0,0,0,0,0,0,0,0,0,0,0,0,0,0,0,0,0,0,0,0,0,0,0,0,0,0,0,0,0,0,1,0,0,0,0,0,2,0,0,0,0,0,0,0,0,0,0,0,0,1,,16.7,24.5,polyhaline,,8.53,5,,14,R3,Spring,2022,2,0,0,0,0,2,0,0,0,0,0,0,1,12.0239185,20.779487,67.19659609
15,R1,Spring,2022,0,0,0,1,0,0,0,0,0,0,0,0,0,0,0,1,0,0,0,0,0,0,0,1,0,0,1,0,0,0,0,0,0,0,0,0,0,0,0,0,0,0,0,0,0,0,0,0,0,0,0,0,0,0,0,0,0,0,0,0,0,0,0,0,1,,14.8,24,polyhaline,,8.47,4,,15,R1,Spring,2022,0,1,1,0,0,0,2,0,0,0,0,0,1,15.0178421,24.425314,60.55683939
15,R2,Spring,2022,3,0,0,0,0,0,0,0,0,0,0,0,0,0,0,1,0,0,0,0,1,0,1,0,0,0,0,0,0,0,0,0,0,0,0,0,0,0,0,0,0,0,0,0,0,0,0,0,0,0,0,0,0,0,0,0,0,0,0,0,0,0,0,0,1,,14.8,24,polyhaline,,8.47,6,,15,R2,Spring,2022,2,0,0,0,0,4,1,0,0,0,0,0,1,15.0178421,24.425314,60.55683939
15,R3,Spring,2022,2,0,0,0,0,0,0,0,1,0,0,0,0,0,0,0,0,0,0,0,6,0,0,0,0,0,1,0,0,0,0,0,0,0,0,0,0,0,0,0,0,0,0,0,0,0,0,0,0,0,0,0,0,0,0,0,0,0,0,0,0,0,0,0,1,,14.8,24,polyhaline,,8.47,10,,15,R3,Spring,2022,6,1,1,0,0,2,0,0,0,0,0,0,1,15.0178421,24.425314,60.55683939