Site,Replicate,Season,Year,Nemertean,Tellina versicolor,Tellina laevigata,Mulinia lateralis,Mactra fragilis,Macoma tenta,Macoma constricta,Ensis minor,Rangia cuneata,Donax texasianus,Amygdalum papyrium,Geukensia demissa,Tagelus divisus,Tagelus plebius,Petricolaria pholadiformis,Agriopoma texasianum,Mytilopsis leucophaetata,Rangia flexuosa,Modiolus squamosus,Neanthes succinea,Naineris grubei,Naineris bicornis,Dendronereis arborifera,Sigambra tentaculata,Nephtys incisa,Polydora aggregata,Polydora ligni,Polydora socialis,Spiophanes bombyx,Streblospio benedictii,Tharyx annulosus,Cossura sp. A,Trochochaeta sp. A,Hobsonia florida,Paranaitis speciosa,Pisione remota,Poecilochaetus johnsoni,Spio pettiboneae,Polydora caulleryi,Dispio uncinata,Microspio pigmentata,Scolepis texana,Scoloplos sp. B,Eteone lactea,Eteone heteropoda,Capitella capitata,Mediomastus ambiseta,Mediomastus spp ,Decamastus gracilis,Boguea enigmatica,Dasybranchus lunulatus,Mediomastus californiensis,Parandalia americana,Synelmis albini,Ceratonereis mirabilis,Paraprionospio pinnata,Amphiduros sp . A,Leitoscoloplos fragilis,Oliva reticularis,Glycinde solitaria,Diopatra cuprea,Nothria sp. A,Salvatoria clavata,Certatocephalus oculata,Monayunkia aestuarina,Vitta  usnea,Littoridinops palustris,Eulimastoma canaliclatum,Macrocyraea zebra,Nassarius acutus,Nassarius vibex,Anthuridae spp.,Ptilanthura colpos,Ampeliscidae spp.,Ampelisca abdita,Leucon acutirostris,Corophium louisianum,Dexaminidae,Gammarus spp. ,Gammarus mucronatus,Haustoriidae spp. ,Ischyroceridae,Lysianassidae,Megaluropidaespp.,Cerapus benthophilius,Ancinus depressus,Clibanarius vittatus,Callinectes sapidus,Pagurus annulipes,Elasmopus levis,Listriella barnardii,Mysidopsis bigelowi,Mysidae spp.,Bowmaniella dissimilis,Colomastigidae,Liljeborgiidae,Panopeus obesus,Upogebia affinis,Rithropanopeus harrisii,Farfantepenaeus duorarum,unknown polychaete,Oligochaete (Tubificidae),Anispotera,Chironomi larvae,Bug 1,unknown amphipod,Spionidae,Penaeidae,Decapod,hippogriff,Coordinates (DMM),Temperature,Salinity,Salinity_class,Dissolved Oxygen,pH,abundance,richness,Site,Replicate,Season,Year,DF,SF,DS,H,PA,PR,OM,GC,FC,SC,PI,U,hippogriff,percent_clay,percent_silt,percent_sand,percent_LOI,Bobs,Bdep,mean_annual_SAL,SAL_anomaly,Site,Replicate,Season,Year
1,R1,Spring,2021,0,0,0,0,0,0,0,0,0,0,0,0,0,0,0,0,0,0,0,0,0,0,0,0,0,0,0,0,0,0,0,0,0,0,0,0,0,0,0,0,0,0,0,0,0,0,0,0,0,0,0,0,0,0,0,0,0,1,0,0,0,0,0,0,0,0,0,0,0,0,0,0,0,0,0,0,0,0,0,0,0,0,0,0,0,0,0,0,0,0,0,0,0,0,0,0,0,0,0,0,0,0,0,0,0,0,0,0,0,1,N 29˚18.704' W -89˚53.275',22.3,29.65,polyhaline,9.58,8.24,1,1,1,R1,Spring,2021,1,0,0,0,0,0,0,0,0,0,0,0,1,2.3809358,2.0713162,95.5477968,2.403392403,0.7024797,1.9301289,21.5316,-8.1184,1,R1,Spring,2021
1,R2,Spring,2021,4,1,0,0,1,0,0,1,0,0,0,0,0,0,0,0,0,0,0,0,0,0,0,0,0,1,0,0,0,0,0,0,0,0,0,0,0,0,0,0,0,0,0,1,0,2,0,0,0,0,0,0,0,0,0,0,0,0,11,0,0,0,0,0,0,0,0,0,0,0,0,0,0,0,0,0,0,0,0,0,0,0,0,0,0,0,0,0,0,0,0,0,0,0,0,0,0,0,0,0,0,0,0,0,0,0,0,0,0,1,N 29˚18.704' W -89˚53.275',22.3,29.65,polyhaline,9.58,8.24,22,8,1,R2,Spring,2021,1,4,0,0,0,11,5,0,0,0,0,0,1,2.3809358,2.0713162,95.5477968,2.403392403,0.7024797,1.9301289,21.5316,-8.1184,1,R2,Spring,2021
1,R3,Spring,2021,0,0,0,1,0,0,0,0,0,0,0,0,0,0,0,0,0,0,0,0,0,0,0,0,0,0,1,0,0,0,0,0,0,0,0,0,0,0,0,0,0,0,0,0,0,1,0,0,0,0,0,0,0,0,0,2,0,0,0,0,0,0,0,0,0,0,0,0,0,0,0,2,0,0,0,0,0,0,0,0,0,0,0,0,0,0,0,0,0,0,0,0,0,0,0,0,0,0,0,0,0,0,0,0,0,0,0,0,0,1,N 29˚18.704' W -89˚53.275',22.3,29.65,polyhaline,9.58,8.24,7,5,1,R3,Spring,2021,1,2,2,0,0,0,0,0,0,0,0,0,1,2.3809358,2.0713162,95.5477968,2.403392403,0.7024797,1.9301289,21.5316,-8.1184,1,R3,Spring,2021
2,R1,Spring,2021,0,4,0,0,0,0,0,0,0,0,0,0,0,0,0,0,0,0,0,0,0,0,0,0,0,0,0,0,0,0,0,0,0,0,0,0,0,0,0,0,0,0,0,0,0,0,0,0,0,0,0,0,0,0,0,0,0,0,0,0,0,0,0,0,0,0,0,0,0,0,0,0,0,0,0,0,0,0,0,0,0,0,0,0,0,0,0,0,0,0,0,0,0,0,0,0,0,0,0,0,0,0,0,0,0,0,0,0,0,1,N 29˚28.917' W -89˚56.985',25.2,10.3,mesohaline,8.51,7.72,4,1,2,R1,Spring,2021,0,4,0,0,0,0,0,0,0,0,0,0,1,13.176932,28.531268,58.29178257,11.65784541,0.5881443,3.3065217,9.907333333,-0.392666667,2,R1,Spring,2021
2,R2,Spring,2021,0,3,0,0,0,0,0,0,0,0,0,0,0,0,0,0,0,0,0,0,0,0,0,0,0,0,0,0,0,0,0,0,0,0,0,0,0,0,0,0,0,0,0,0,0,0,0,0,0,0,0,0,0,0,0,0,0,0,0,0,0,0,0,0,0,0,0,0,0,0,0,0,0,0,0,0,0,0,0,0,0,0,0,0,0,0,0,0,0,0,0,0,0,0,0,0,0,0,0,0,0,0,0,0,0,0,0,0,0,1,N 29˚28.917' W -89˚56.985',25.2,10.3,mesohaline,8.51,7.72,3,1,2,R2,Spring,2021,0,3,0,0,0,0,0,0,0,0,0,0,1,13.176932,28.531268,58.29178257,11.65784541,0.5881443,3.3065217,9.907333333,-0.392666667,2,R2,Spring,2021
2,R3,Spring,2021,0,1,0,0,0,0,0,0,0,0,0,0,0,0,0,0,0,0,0,0,0,0,0,0,0,0,0,0,0,0,0,0,0,0,0,0,0,0,0,0,0,0,0,0,0,0,0,0,0,0,0,0,0,0,0,0,0,0,0,0,0,0,0,0,0,0,0,0,0,0,0,0,0,0,0,0,0,0,0,0,0,0,0,0,0,0,0,0,0,0,0,0,0,0,0,0,0,0,0,0,0,0,0,0,0,0,0,0,0,1,N 29˚28.917' W -89˚56.985',25.2,10.3,mesohaline,8.51,7.72,1,1,2,R3,Spring,2021,0,1,0,0,0,0,0,0,0,0,0,0,1,13.176932,28.531268,58.29178257,11.65784541,0.5881443,3.3065217,9.907333333,-0.392666667,2,R3,Spring,2021
3,R1,Spring,2021,0,4,0,0,0,0,0,0,0,0,0,0,0,0,0,0,0,0,0,0,0,0,0,0,0,0,0,0,0,0,0,0,0,0,0,0,0,0,0,0,0,0,0,0,0,0,0,0,0,0,0,0,0,0,0,0,0,0,0,0,0,0,0,0,0,0,0,0,0,0,0,0,0,0,0,0,0,0,0,0,0,0,0,0,0,0,0,0,0,0,0,0,0,0,0,0,0,0,0,0,0,0,0,0,0,0,0,0,0,1,N 29˚28.559' W -89˚56.905',25.3,10.86,mesohaline,8.85,7.98,4,1,3,R1,Spring,2021,0,4,0,0,0,0,0,0,0,0,0,0,1,17.3749792,29.500928,53.12412292,8.576258043,0.6672335,1.4856731,8.849857143,-2.010142857,3,R1,Spring,2021
3,R2,Spring,2021,0,4,0,1,0,0,0,0,0,0,0,0,0,0,0,0,0,0,0,0,0,0,0,0,0,0,0,0,0,0,0,0,0,0,0,0,0,0,0,0,0,0,0,0,1,0,0,0,0,0,0,0,0,0,1,0,0,0,0,0,0,0,0,0,0,0,0,0,0,0,0,0,0,0,0,0,0,0,0,0,0,0,0,0,0,0,0,0,0,0,0,0,0,0,0,0,0,0,0,0,0,0,0,0,0,0,0,0,0,1,N 29˚28.559' W -89˚56.905',25.3,10.86,mesohaline,8.85,7.98,7,4,3,R2,Spring,2021,0,5,0,0,0,0,2,0,0,0,0,0,1,17.3749792,29.500928,53.12412292,8.576258043,0.6672335,1.4856731,8.849857143,-2.010142857,3,R2,Spring,2021
3,R3,Spring,2021,0,2,0,0,0,0,0,0,0,0,0,0,0,0,0,0,0,0,0,0,0,0,0,0,0,0,0,0,0,0,0,0,0,0,0,0,0,0,0,0,0,0,0,0,0,0,0,0,0,0,0,0,0,0,0,0,0,0,0,0,0,0,0,0,0,0,0,0,0,0,0,0,0,2,0,0,0,0,0,0,0,0,0,0,0,0,0,0,0,0,0,0,0,0,0,0,0,0,0,0,0,0,0,0,0,0,0,0,0,1,N 29˚28.559' W -89˚56.905',25.3,10.86,mesohaline,8.85,7.98,4,2,3,R3,Spring,2021,0,2,2,0,0,0,0,0,0,0,0,0,1,17.3749792,29.500928,53.12412292,8.576258043,0.6672335,1.4856731,8.849857143,-2.010142857,3,R3,Spring,2021
4,R3,Spring,2021,0,0,0,0,0,0,0,0,0,0,0,0,0,0,0,0,0,0,0,0,0,0,0,0,0,0,0,0,0,0,0,0,0,0,0,0,0,0,0,0,0,0,0,0,0,0,0,0,0,0,0,0,0,0,0,0,0,0,0,0,0,0,0,0,0,0,0,0,0,0,0,0,0,0,0,0,0,0,0,1,0,0,0,0,0,0,0,0,0,0,0,0,0,0,0,0,0,0,0,0,0,0,0,0,0,0,0,0,0,1,N 29˚29.894' W -90˚06.497',25,0.077,oligohaline,8.1,7.83,1,1,4,R3,Spring,2021,0,1,0,0,0,0,0,0,0,0,0,0,1,13.2297987,28.020749,58.7494746,57.82698735,0.7091399,0.3487299,6.6906,6.6136,4,R3,Spring,2021
5,R2,Spring,2021,0,0,0,0,0,0,0,0,0,0,0,0,0,0,0,0,0,0,2,0,0,0,0,0,0,0,0,0,0,0,0,0,0,0,0,0,0,0,0,0,0,0,0,0,0,0,0,0,0,0,0,0,0,0,0,0,0,0,0,0,0,0,0,0,0,0,0,0,0,0,0,0,0,0,0,0,0,0,0,0,0,0,0,0,0,0,0,0,0,0,0,0,0,0,0,0,0,0,0,0,0,0,0,0,0,0,0,0,0,1,N 29˚33.928' W -90˚09.891',21.8,0.809,oligohaline,8.09,7.69,2,1,5,R2,Spring,2021,0,2,0,0,0,0,0,0,0,0,0,0,1,7.1531299,17.753442,75.0934696,23.57227903,0.5461847,3.925037,3.60325,2.79425,5,R2,Spring,2021
6,R1,Spring,2021,0,1,0,2,0,0,0,0,0,0,0,0,0,0,0,0,0,0,0,0,0,0,0,0,0,0,0,0,0,0,0,0,0,0,0,0,0,0,0,0,0,0,0,0,0,0,0,0,0,0,0,0,0,0,0,0,0,0,0,0,0,0,0,0,0,0,0,0,0,0,0,0,0,0,0,0,0,0,0,0,0,0,0,0,0,0,0,0,0,0,0,0,0,0,0,0,0,0,0,0,0,0,0,0,0,0,0,0,0,1,N 29˚29.814' W -90˚02.512',23.9,5.203,mesohaline,8.38,7.89,3,2,6,R1,Spring,2021,0,3,0,0,0,0,0,0,0,0,0,0,1,8.6034726,18.342648,73.05388,2.689086531,0.606866,3.5831396,7.921375,2.718375,6,R1,Spring,2021
6,R2,Spring,2021,0,1,0,0,0,0,0,0,0,0,0,0,0,0,0,0,0,0,0,0,0,0,0,0,0,0,0,0,0,0,0,0,0,0,0,0,0,0,0,0,0,0,0,0,0,0,0,0,0,0,0,0,0,0,0,0,0,0,0,0,0,0,0,0,0,0,0,0,0,0,0,0,0,0,0,0,0,0,0,0,0,0,0,0,0,0,0,0,0,0,0,0,0,0,0,0,0,0,0,0,0,0,0,0,0,0,0,0,0,1,N 29˚29.814' W -90˚02.512',23.9,5.203,mesohaline,8.38,7.89,1,1,6,R2,Spring,2021,0,1,0,0,0,0,0,0,0,0,0,0,1,8.6034726,18.342648,73.05388,2.689086531,0.606866,3.5831396,7.921375,2.718375,6,R2,Spring,2021
6,R3,Spring,2021,1,1,0,1,0,0,0,0,0,0,0,0,0,0,0,0,0,0,0,0,0,0,0,0,0,0,0,0,0,0,0,0,0,0,0,0,0,0,0,0,0,0,0,0,0,0,0,0,0,0,0,0,0,0,0,0,0,0,0,0,0,0,0,0,0,0,0,0,0,0,0,0,0,0,0,0,0,0,0,0,0,0,0,0,0,0,0,0,0,0,0,0,0,0,0,0,0,0,0,0,0,0,0,0,0,0,0,0,0,1,N 29˚29.814' W -90˚02.512',23.9,5.203,mesohaline,8.38,7.89,3,3,6,R3,Spring,2021,0,2,0,0,0,1,0,0,0,0,0,0,1,8.6034726,18.342648,73.05388,2.689086531,0.606866,3.5831396,7.921375,2.718375,6,R3,Spring,2021
7,R1,Spring,2021,0,3,0,0,0,0,0,0,0,0,0,0,0,0,0,0,0,0,0,0,0,0,0,0,0,0,0,0,0,0,0,0,0,0,0,0,0,0,0,0,0,0,0,0,0,0,0,0,0,0,0,0,0,0,0,0,0,0,0,0,0,0,0,0,0,0,0,0,0,0,0,0,0,0,0,0,0,0,0,0,0,0,0,0,0,0,0,0,0,0,0,0,0,0,0,0,0,0,0,0,0,0,0,0,0,0,0,0,0,1,N 29˚29.772' W -90˚00.640',24.1,5.897,mesohaline,8.01,7.79,3,1,7,R1,Spring,2021,0,3,0,0,0,0,0,0,0,0,0,0,1,10.7061448,23.779207,65.5146576,11.07553956,0.6330634,2.7548834,4.0395,-1.8575,7,R1,Spring,2021
7,R2,Spring,2021,0,1,0,1,0,0,0,0,0,0,0,0,0,0,0,0,0,0,0,0,0,0,0,0,0,0,0,0,0,0,0,0,0,0,0,0,0,0,0,0,0,0,0,0,0,0,0,0,0,0,0,0,0,0,0,0,0,0,0,0,0,0,0,0,0,0,0,0,0,0,0,0,0,0,0,0,0,0,0,0,0,0,0,0,0,0,0,0,0,0,0,0,0,0,0,0,0,0,0,0,0,0,0,0,0,0,0,0,0,1,N 29˚29.772' W -90˚00.640',24.1,5.897,mesohaline,8.01,7.79,2,2,7,R2,Spring,2021,0,2,0,0,0,0,0,0,0,0,0,0,1,10.7061448,23.779207,65.5146576,11.07553956,0.6330634,2.7548834,4.0395,-1.8575,7,R2,Spring,2021
7,R3,Spring,2021,0,1,0,0,0,0,0,0,0,0,0,0,0,0,0,0,0,0,0,0,0,0,0,0,0,0,0,0,0,0,0,0,0,0,0,0,0,0,0,0,0,0,0,0,0,0,0,0,0,0,0,0,0,0,0,0,0,0,0,0,0,0,0,0,0,0,0,0,0,0,0,0,0,0,0,0,0,0,0,0,0,0,0,0,0,0,0,0,0,0,0,0,0,0,0,0,0,0,0,0,0,1,0,0,0,0,0,0,0,1,N 29˚29.772' W -90˚00.640',24.1,5.897,mesohaline,8.01,7.79,2,2,7,R3,Spring,2021,1,1,0,0,0,0,0,0,0,0,0,0,1,10.7061448,23.779207,65.5146576,11.07553956,0.6330634,2.7548834,4.0395,-1.8575,7,R3,Spring,2021
8,R1,Spring,2021,0,2,0,0,0,0,0,0,0,0,0,0,0,0,0,0,0,0,0,0,0,0,0,0,0,0,0,0,0,0,0,0,0,0,0,0,0,0,0,0,0,0,0,0,0,0,0,0,0,0,0,0,0,0,0,0,0,0,0,0,0,0,0,0,0,0,0,0,0,0,0,0,0,0,0,0,0,0,0,0,4,0,0,0,0,0,0,0,0,0,0,0,0,0,0,0,0,0,0,0,0,0,0,0,0,0,0,0,0,1,N 29˚17.422' W -89˚54.405',19.5,25.03,polyhaline,15.22,8.7,6,2,8,R1,Spring,2021,0,6,0,0,0,0,0,0,0,0,0,0,1,1.34263434,0.924597,97.73277001,0.437831213,0.7730269,0.6053976,18.355,-6.675,8,R1,Spring,2021
8,R2,Spring,2021,0,7,0,0,0,0,0,0,0,0,0,0,0,0,0,0,0,0,0,0,0,0,0,0,0,0,0,0,0,0,0,0,0,0,0,0,0,0,0,0,0,0,0,0,0,0,0,0,0,0,0,0,0,0,0,0,0,0,0,0,0,0,0,0,0,0,0,0,0,0,0,0,0,0,0,0,0,0,0,0,0,0,0,7,0,0,0,0,0,0,0,0,1,0,0,0,0,0,0,0,0,0,0,0,0,0,0,0,0,1,N 29˚17.422' W -89˚54.405',19.5,25.03,polyhaline,15.22,8.7,15,3,8,R2,Spring,2021,0,7,0,0,0,1,7,0,0,0,0,0,1,1.34263434,0.924597,97.73277001,0.437831213,0.7730269,0.6053976,18.355,-6.675,8,R2,Spring,2021
8,R3,Spring,2021,0,4,0,0,0,0,0,0,0,0,0,0,0,0,0,0,0,0,0,0,0,0,0,0,0,0,0,0,0,0,0,0,0,0,0,0,0,0,0,0,0,0,0,0,0,0,0,0,0,0,0,0,0,0,0,0,0,0,1,0,0,0,0,0,0,0,0,0,0,0,0,0,0,0,0,0,0,0,0,0,4,0,0,1,0,0,0,0,0,0,0,0,0,0,0,0,0,0,0,0,0,0,0,0,0,0,0,0,0,1,N 29˚17.422' W -89˚54.405',19.5,25.03,polyhaline,15.22,8.7,10,4,8,R3,Spring,2021,0,8,0,0,0,1,1,0,0,0,0,0,1,1.34263434,0.924597,97.73277001,0.437831213,0.7730269,0.6053976,18.355,-6.675,8,R3,Spring,2021
9,R1,Spring,2021,0,0,0,0,0,0,0,0,0,0,0,0,0,0,0,0,0,0,0,0,0,0,0,0,0,0,0,0,0,0,0,0,0,0,0,0,0,0,0,0,0,0,0,0,0,0,0,0,0,0,0,0,0,0,0,0,0,0,0,0,0,0,0,0,0,0,0,0,0,0,0,0,0,0,0,0,0,0,0,0,11,0,0,0,0,0,0,0,0,0,0,0,0,0,0,0,0,0,0,0,0,0,0,0,0,0,0,0,0,1,N 29˚16.169' W -89˚57.383',19.9,23.69,polyhaline,12.41,8.53,11,1,9,R1,Spring,2021,0,11,0,0,0,0,0,0,0,0,0,0,1,1.07258349,0.5332591,98.39410596,0.373179403,0.7549003,1.6052902,18.81,-4.88,9,R1,Spring,2021
9,R2,Spring,2021,0,0,0,0,0,0,0,0,0,0,0,0,0,0,0,0,0,0,0,0,0,0,0,0,0,0,0,0,0,0,0,0,0,0,0,0,0,0,0,0,0,0,0,0,0,0,0,0,0,0,0,0,0,0,0,0,0,0,0,0,0,0,0,0,0,0,0,0,0,0,0,0,0,0,0,0,0,0,0,0,9,0,0,0,0,0,0,0,0,0,0,0,0,0,0,0,0,0,0,0,0,0,0,0,0,0,0,0,0,1,N 29˚16.169' W -89˚57.383',19.9,23.69,polyhaline,12.41,8.53,9,1,9,R2,Spring,2021,0,9,0,0,0,0,0,0,0,0,0,0,1,1.07258349,0.5332591,98.39410596,0.373179403,0.7549003,1.6052902,18.81,-4.88,9,R2,Spring,2021
9,R3,Spring,2021,0,0,0,0,0,0,0,0,0,1,0,0,0,0,0,0,0,0,0,0,0,0,0,0,0,0,0,0,0,0,0,0,0,0,0,0,0,0,0,0,0,0,0,0,0,0,0,0,0,0,0,0,0,0,0,0,0,0,0,0,0,0,0,0,0,0,0,0,0,0,0,0,0,0,0,0,0,0,0,0,4,0,0,0,0,0,0,0,0,0,0,0,0,1,0,0,0,0,0,0,0,0,0,0,0,0,0,0,0,1,N 29˚16.169' W -89˚57.383',19.9,23.69,polyhaline,12.41,8.53,6,3,9,R3,Spring,2021,0,5,0,0,0,1,0,0,0,0,0,0,1,1.07258349,0.5332591,98.39410596,0.373179403,0.7549003,1.6052902,18.81,-4.88,9,R3,Spring,2021
10,R1,Spring,2021,0,0,0,0,0,0,0,0,0,0,0,0,0,0,1,0,0,0,0,7,0,0,0,0,0,0,0,0,0,0,0,0,0,0,0,0,0,0,0,0,0,0,0,0,0,0,0,0,0,0,0,0,0,0,0,0,0,0,0,0,0,0,0,0,1,0,0,0,0,0,0,0,0,0,0,0,0,0,0,0,0,0,0,0,0,0,0,0,0,0,0,0,0,0,0,0,0,0,1,0,0,0,0,0,0,0,0,0,0,1,N 29˚17.776' W -90˚00.969',21,23.22,polyhaline,11.77,8.58,10,4,10,R1,Spring,2021,7,2,0,0,0,1,0,0,0,0,0,0,1,14.3438078,24.499875,61.15632455,14.49297914,0.6768025,1.5666362,17.37,-5.85,10,R1,Spring,2021
10,R2,Spring,2021,0,0,0,0,0,0,0,0,0,0,0,0,0,0,1,0,0,0,0,2,0,0,0,0,0,0,0,0,0,0,0,0,0,0,0,0,0,0,0,0,0,0,0,0,0,0,0,0,0,0,0,0,0,0,0,0,0,0,0,0,0,0,0,0,0,0,0,0,0,0,0,0,0,0,0,0,0,0,0,0,0,0,0,0,0,0,0,0,0,0,0,0,0,0,0,0,0,0,0,0,0,0,0,0,0,0,0,0,0,1,N 29˚17.776' W -90˚00.969',21,23.22,polyhaline,11.77,8.58,3,2,10,R2,Spring,2021,2,1,0,0,0,0,0,0,0,0,0,0,1,14.3438078,24.499875,61.15632455,14.49297914,0.6768025,1.5666362,17.37,-5.85,10,R2,Spring,2021
10,R3,Spring,2021,0,0,0,0,0,0,0,0,0,0,0,0,0,0,0,0,0,0,0,7,0,0,0,0,0,0,0,2,0,0,0,0,0,0,0,0,0,0,0,0,0,0,0,0,0,0,0,0,0,0,0,0,0,0,0,0,0,0,0,0,0,0,0,0,0,0,0,0,0,0,0,0,0,0,0,0,0,0,0,0,0,0,0,0,0,0,0,0,0,0,0,0,0,0,0,0,0,0,0,0,0,0,0,0,0,0,0,0,0,1,N 29˚17.776' W -90˚00.969',21,23.22,polyhaline,11.77,8.58,9,2,10,R3,Spring,2021,5,2,0,0,0,0,0,0,0,0,0,0,1,14.3438078,24.499875,61.15632455,14.49297914,0.6768025,1.5666362,17.37,-5.85,10,R3,Spring,2021
11,R2,Spring,2021,0,0,0,1,0,0,0,0,0,0,0,0,0,0,0,0,0,0,0,0,0,0,0,0,0,0,0,0,0,0,0,0,0,0,0,0,0,0,0,0,0,0,0,0,0,0,0,0,0,0,0,0,0,0,0,0,0,1,0,0,0,0,0,0,0,0,0,0,0,0,0,0,0,0,0,0,0,0,0,0,0,0,0,0,0,0,0,0,0,0,0,0,0,0,0,0,0,0,0,0,0,0,0,0,0,0,0,0,0,1,N 29˚17.287' W -90˚'02.707',25.8,14.07,mesohaline,8.04,7.76,2,2,11,R2,Spring,2021,1,1,0,0,0,0,0,0,0,0,0,0,1,21.93301,39.93597,38.13103378,6.031771063,0.6932806,2.0881422,12.654,-1.416,11,R2,Spring,2021
11,R3,Spring,2021,0,0,0,1,0,0,0,0,0,0,0,0,0,0,0,0,0,0,0,0,0,0,0,0,0,0,0,0,0,0,0,0,0,0,0,0,0,0,0,0,0,0,0,0,0,0,0,0,0,0,0,0,0,0,0,0,0,0,0,0,0,0,0,0,0,0,0,0,0,0,0,0,0,0,0,0,0,0,0,0,0,0,0,0,0,0,0,0,0,0,0,0,0,0,0,0,0,0,0,0,0,0,0,0,0,0,0,0,0,1,N 29˚17.287' W -90˚'02.707',25.8,14.07,mesohaline,8.04,7.76,1,1,11,R3,Spring,2021,0,1,0,0,0,0,0,0,0,0,0,0,1,21.93301,39.93597,38.13103378,6.031771063,0.6932806,2.0881422,12.654,-1.416,11,R3,Spring,2021
12,R1,Spring,2021,0,2,0,0,0,0,0,0,0,0,0,0,0,0,0,0,0,0,0,0,0,0,0,0,0,0,0,0,0,0,0,0,0,0,0,0,0,0,0,0,0,0,0,0,0,0,0,0,0,0,0,0,0,0,0,0,0,5,2,0,0,0,0,0,0,0,0,0,0,0,0,0,0,0,0,0,0,0,0,0,0,0,0,0,0,0,0,0,0,0,0,0,0,0,0,0,0,0,0,0,0,1,0,0,0,0,0,0,0,1,N 29˚17.212' W -90˚08.380',24.1,14.26,mesohaline,8.59,8.39,10,4,12,R1,Spring,2021,6,2,0,0,0,2,0,0,0,0,0,0,1,13.249841,25.719914,61.030235,3.125553336,0.6788537,2.2809696,12.32,-1.94,12,R1,Spring,2021
12,R2,Spring,2021,0,0,0,0,0,0,0,0,0,0,0,0,0,0,0,0,0,0,0,0,0,0,0,0,0,0,0,0,0,0,0,0,0,0,0,0,0,0,0,0,0,0,0,0,0,0,0,0,0,0,0,0,0,0,0,0,0,5,3,0,0,0,0,0,0,0,0,0,0,0,0,0,0,0,0,0,0,0,0,0,0,0,0,0,0,0,0,0,0,0,0,0,0,0,0,0,0,0,0,0,0,0,0,0,0,0,0,0,0,1,N 29˚17.212' W -90˚08.380',24.1,14.26,mesohaline,8.59,8.39,8,2,12,R2,Spring,2021,5,0,0,0,0,3,0,0,0,0,0,0,1,13.249841,25.719914,61.030235,3.125553336,0.6788537,2.2809696,12.32,-1.94,12,R2,Spring,2021
12,R3,Spring,2021,0,0,0,0,0,0,0,0,0,0,0,0,0,0,0,0,0,0,0,0,0,0,0,0,0,0,0,0,0,0,0,0,0,0,0,0,0,0,0,0,0,0,0,0,0,0,0,0,0,0,0,0,0,0,0,0,0,2,0,1,0,0,0,0,0,0,0,0,0,0,0,0,0,0,0,0,0,0,0,0,0,0,0,0,0,0,0,0,0,0,0,0,0,0,0,0,0,0,0,0,0,0,0,0,0,0,0,0,0,1,N 29˚17.212' W -90˚08.380',24.1,14.26,mesohaline,8.59,8.39,3,2,12,R3,Spring,2021,2,0,0,0,0,0,1,0,0,0,0,0,1,13.249841,25.719914,61.030235,3.125553336,0.6788537,2.2809696,12.32,-1.94,12,R3,Spring,2021
13,R1,Spring,2021,0,0,0,0,0,0,0,0,0,0,0,0,0,0,0,0,0,0,0,1,0,0,0,0,0,0,0,0,0,0,0,0,0,0,0,0,0,0,0,0,0,0,0,0,0,0,0,0,0,0,0,0,0,0,0,0,0,0,0,0,0,0,0,0,0,0,0,0,0,0,0,0,0,0,0,0,0,0,0,0,0,0,0,0,0,0,0,0,0,0,0,0,0,0,0,0,0,0,0,0,0,0,0,0,0,0,0,0,0,1,N 29˚19.412' W -89˚50.460',20,25.19,polyhaline,13.58,8.57,1,1,13,R1,Spring,2021,1,0,0,0,0,0,0,0,0,0,0,0,1,0,0,99.9999102,1.328405913,0.6648432,2.7850522,16.575,-8.615,13,R1,Spring,2021
13,R2,Spring,2021,0,0,0,0,0,0,0,0,0,0,0,0,0,0,0,0,0,0,0,1,0,0,0,0,0,0,0,0,0,0,0,0,0,0,0,0,0,0,0,0,0,1,0,0,0,0,0,0,0,0,0,0,0,0,0,0,0,0,0,0,2,0,0,0,0,0,0,0,0,0,0,0,0,0,0,0,0,0,0,0,0,0,0,0,0,0,0,0,0,0,0,0,0,0,1,0,0,0,0,0,0,0,0,0,0,0,0,0,0,1,N 29˚19.412' W -89˚50.460',20,25.19,polyhaline,13.58,8.57,5,4,13,R2,Spring,2021,1,0,1,0,0,0,2,0,0,0,0,1,1,0,0,99.9999102,1.328405913,0.6648432,2.7850522,16.575,-8.615,13,R2,Spring,2021
13,R3,Spring,2021,0,0,0,1,0,0,0,0,0,0,0,0,0,0,0,0,0,0,0,1,0,0,0,0,0,0,0,0,0,0,0,0,0,0,0,0,0,0,0,0,0,0,0,0,0,0,0,0,0,0,0,0,0,0,0,0,0,0,0,0,2,0,0,0,0,0,0,0,0,0,0,0,0,0,0,0,0,0,0,0,0,0,0,0,0,0,0,0,0,0,0,0,0,0,1,0,1,0,0,0,0,0,0,0,0,0,0,0,0,1,N 29˚19.412' W -89˚50.460',20,25.19,polyhaline,13.58,8.57,6,5,13,R3,Spring,2021,1,1,0,0,0,1,2,0,0,0,0,1,1,0,0,99.9999102,1.328405913,0.6648432,2.7850522,16.575,-8.615,13,R3,Spring,2021
14,R1,Spring,2021,0,1,0,0,0,0,0,0,0,0,0,0,0,0,0,0,0,0,0,0,0,0,0,0,0,0,0,0,0,0,0,0,0,0,0,0,0,0,0,0,0,0,0,0,0,0,0,0,0,0,0,0,0,0,0,0,0,0,0,0,0,0,2,0,0,0,0,0,0,0,0,0,0,0,0,0,0,0,0,0,0,0,0,0,0,0,0,0,0,0,0,0,0,0,0,1,0,0,0,0,0,0,0,0,0,0,0,0,0,1,N 29˚19.201' W -89˚50.253',18.2,15.5,mesohaline,16.79,8.68,4,3,14,R1,Spring,2021,0,1,0,0,0,1,2,0,0,0,0,0,1,12.0239185,20.779487,67.19659609,0.418992036,0.6852243,2.0807407,11.985,-3.515,14,R1,Spring,2021
14,R2,Spring,2021,0,1,0,0,0,0,0,0,0,0,0,0,0,0,0,0,0,0,0,0,0,0,0,0,0,0,0,0,0,0,0,0,0,0,0,0,0,0,0,0,0,0,0,0,0,0,0,0,0,0,0,0,0,0,0,0,0,0,0,0,0,0,0,0,0,0,0,0,0,0,0,0,0,0,0,0,0,0,0,0,0,0,0,0,0,0,0,0,0,0,0,0,0,0,0,0,0,0,0,0,0,0,0,0,0,0,0,0,0,1,N 29˚19.201' W -89˚50.253',18.2,15.5,mesohaline,16.79,8.68,1,1,14,R2,Spring,2021,0,1,0,0,0,0,0,0,0,0,0,0,1,12.0239185,20.779487,67.19659609,0.418992036,0.6852243,2.0807407,11.985,-3.515,14,R2,Spring,2021
14,R3,Spring,2021,0,6,0,0,0,0,0,0,0,0,0,0,0,0,0,0,0,0,0,0,0,0,0,0,0,0,0,0,0,0,0,0,0,0,0,0,0,0,0,0,0,0,0,0,0,0,0,0,0,0,0,0,0,0,0,0,0,0,0,0,0,0,1,1,0,0,0,0,0,0,0,0,0,0,0,0,0,0,0,0,0,0,0,0,0,0,0,0,0,0,0,0,0,0,0,2,0,0,0,0,0,0,0,0,0,0,0,0,0,1,N 29˚19.201' W -89˚50.253',18.2,15.5,mesohaline,16.79,8.68,10,4,14,R3,Spring,2021,0,6,0,0,0,2,2,0,0,0,0,0,1,12.0239185,20.779487,67.19659609,0.418992036,0.6852243,2.0807407,11.985,-3.515,14,R3,Spring,2021
15,R1,Spring,2021,0,5,0,2,0,0,0,0,0,0,0,0,0,0,0,0,0,0,0,0,0,0,0,0,0,0,0,1,0,0,0,0,0,0,0,0,0,0,0,0,0,0,0,0,0,0,0,0,0,0,0,0,0,0,0,0,0,5,49,0,0,0,0,0,0,0,0,0,0,0,0,0,0,0,0,0,0,0,0,0,0,0,0,0,0,0,0,0,0,0,0,0,0,0,0,0,0,0,0,0,0,0,0,0,0,0,0,0,0,1,N 29˚15.280' W -89˚58.607',20.3,27.84,polyhaline,10.48,8.47,62,5,15,R1,Spring,2021,5,8,0,0,0,49,0,0,0,0,0,0,1,15.0178421,24.425314,60.55683939,3.242882647,0.783847,0.6386265,19.565,-8.275,15,R1,Spring,2021
15,R2,Spring,2021,0,1,0,3,0,0,0,0,0,0,0,0,0,0,0,0,0,0,0,0,0,0,0,0,0,0,0,0,0,0,0,0,0,0,0,0,0,0,0,0,0,0,0,0,0,0,0,0,0,0,0,0,0,0,0,0,0,3,26,0,0,0,0,0,0,0,0,0,0,0,0,0,0,0,0,0,0,0,0,0,0,0,0,0,0,0,0,0,0,0,0,0,0,0,0,0,0,0,0,0,0,0,0,0,0,0,0,0,0,1,N 29˚15.280' W -89˚58.607',20.3,27.84,polyhaline,10.48,8.47,33,4,15,R2,Spring,2021,3,4,0,0,0,26,0,0,0,0,0,0,1,15.0178421,24.425314,60.55683939,3.242882647,0.783847,0.6386265,19.565,-8.275,15,R2,Spring,2021
15,R3,Spring,2021,0,0,0,0,7,0,0,0,0,0,0,0,0,0,0,0,0,0,0,0,0,0,0,0,0,0,0,0,0,0,0,0,0,0,0,0,0,0,0,0,0,0,0,0,0,0,0,0,0,0,0,0,0,0,0,0,0,4,37,0,0,0,0,0,0,0,0,0,0,1,0,0,0,0,0,0,0,0,0,0,0,0,0,0,0,0,0,0,0,0,0,0,0,0,0,0,0,0,0,0,0,0,0,0,0,0,0,0,0,1,N 29˚15.280' W -89˚58.607',20.3,27.84,polyhaline,10.48,8.47,49,4,15,R3,Spring,2021,4,7,0,0,0,38,0,0,0,0,0,0,1,15.0178421,24.425314,60.55683939,3.242882647,0.783847,0.6386265,19.565,-8.275,15,R3,Spring,2021
2,R2,Fall,2020,0,0,0,0,0,0,0,0,0,0,0,0,0,0,0,0,0,0,0,0,0,0,0,0,0,0,0,0,0,0,0,0,0,0,0,0,0,0,0,0,0,0,0,0,0,0,0,0,0,0,0,0,0,0,0,0,0,0,0,0,0,0,0,0,0,0,0,0,0,0,0,0,0,0,0,0,0,0,0,0,1,0,0,0,0,0,0,0,0,0,0,0,0,0,0,0,0,0,0,0,0,0,0,0,0,0,0,0,0,1,N 29˚28.916' W -89˚56.979',25.5,16.34,mesohaline,6.65,7.49,1,1,2,R2,Fall,2020,0,1,0,0,0,0,0,0,0,0,0,0,1,13.176932,28.531268,58.29178257,11.65784541,0.5881443,3.3065217,9.907333333,-6.432666667,2,R2,Fall,2020
2,R3,Fall,2020,1,0,0,0,0,0,0,0,0,0,0,0,0,0,0,0,0,0,0,0,0,0,0,0,0,0,0,0,0,0,0,0,0,0,0,0,0,0,0,0,0,0,0,0,0,0,0,0,0,0,0,0,0,0,0,0,0,0,0,0,0,0,0,0,0,0,0,0,0,0,0,0,0,0,0,0,0,0,0,0,0,0,0,0,0,0,0,0,0,0,0,0,0,0,0,0,0,0,0,0,0,0,0,0,0,0,0,0,0,1,N 29˚28.916' W -89˚56.979',25.5,16.34,mesohaline,6.65,7.49,1,1,2,R3,Fall,2020,0,0,0,0,0,1,0,0,0,0,0,0,1,13.176932,28.531268,58.29178257,11.65784541,0.5881443,3.3065217,9.907333333,-6.432666667,2,R3,Fall,2020
3,R3,Fall,2020,0,0,0,0,0,0,0,0,0,0,0,0,0,0,0,0,0,1,0,0,0,0,0,0,0,0,0,0,0,0,0,0,0,0,0,0,0,0,0,0,0,0,0,0,0,0,0,0,0,0,0,0,0,0,0,0,0,0,0,0,0,0,0,0,0,0,0,0,0,0,0,0,0,0,0,0,0,0,0,0,0,0,0,0,0,0,0,0,0,0,0,0,0,0,0,0,0,0,0,0,0,0,0,0,0,0,0,0,0,1,N 29˚28.561' W -89˚56.875',24.7,16.37,mesohaline,5.98,7.42,1,1,3,R3,Fall,2020,0,1,0,0,0,0,0,0,0,0,0,0,1,17.3749792,29.500928,53.12412292,8.576258043,0.6672335,1.4856731,8.849857143,-7.520142857,3,R3,Fall,2020
4,R1,Fall,2020,0,0,0,0,0,0,0,0,0,0,0,0,0,0,0,0,0,0,0,0,0,0,0,0,0,0,0,0,0,0,0,0,0,0,0,0,0,0,0,0,0,0,0,0,0,0,0,0,0,0,0,0,0,0,0,0,0,0,0,0,0,0,0,0,0,0,0,0,0,0,0,0,0,0,0,0,0,0,0,0,0,0,0,0,0,0,0,0,0,0,0,0,1,0,0,0,0,0,0,0,0,0,0,0,0,1,0,0,0,1,N 29˚29.767' W -90˚06.375',22.7,16.09,mesohaline,7.76,7.91,2,2,4,R1,Fall,2020,0,0,0,0,0,1,0,0,0,0,0,1,1,13.2297987,28.020749,58.7494746,57.82698735,0.7091399,0.3487299,6.6906,-9.3994,4,R1,Fall,2020
4,R2,Fall,2020,0,0,0,1,0,0,0,0,0,0,0,0,0,0,0,0,0,0,0,0,0,0,0,0,0,0,0,0,0,0,0,0,0,0,0,0,0,0,0,0,0,0,0,0,0,0,0,0,0,0,0,0,0,0,0,0,0,0,0,0,0,0,0,0,0,0,0,2,0,0,0,0,0,0,0,0,0,0,0,0,0,0,0,0,0,0,0,0,0,0,0,0,0,0,0,0,0,0,0,0,0,0,0,0,0,0,0,0,0,1,N 29˚29.767' W -90˚06.375',22.7,16.09,mesohaline,7.76,7.91,3,2,4,R2,Fall,2020,0,1,0,0,2,0,0,0,0,0,0,0,1,13.2297987,28.020749,58.7494746,57.82698735,0.7091399,0.3487299,6.6906,-9.3994,4,R2,Fall,2020
5,R1,Fall,2020,0,0,0,0,0,0,0,0,0,0,0,0,0,0,0,0,3,0,0,0,0,0,0,0,0,0,0,0,0,0,0,0,0,0,0,0,0,0,0,0,0,0,0,0,0,0,0,0,0,0,0,0,0,0,0,0,0,0,0,0,0,0,0,0,0,0,0,0,0,0,0,0,0,0,0,0,0,0,0,0,0,0,0,0,0,0,0,0,0,0,0,0,0,0,0,0,0,0,0,0,0,0,0,0,0,0,0,0,0,1,N 29˚33.928' W -90˚09.891',23.9,6.802,mesohaline,7.2,7.74,3,1,5,R1,Fall,2020,0,3,0,0,0,0,0,0,0,0,0,0,1,7.1531299,17.753442,75.0934696,23.57227903,0.5461847,3.925037,3.60325,-3.19875,5,R1,Fall,2020
5,R2,Fall,2020,1,0,0,0,0,0,0,0,0,0,0,0,0,0,0,0,0,0,0,2,0,0,0,0,0,0,0,0,0,0,0,0,0,0,0,0,0,0,0,0,0,0,0,0,0,0,0,0,0,0,0,0,0,0,0,0,0,0,0,0,0,0,0,0,0,0,0,0,0,0,0,0,0,0,0,0,0,0,0,0,0,0,0,0,0,0,0,0,0,0,0,0,0,0,0,0,0,0,0,0,0,0,0,0,0,0,0,0,0,1,N 29˚33.928' W -90˚09.891',23.9,6.802,mesohaline,7.2,7.74,3,2,5,R2,Fall,2020,1,0,0,0,0,1,0,0,0,0,0,0,1,7.1531299,17.753442,75.0934696,23.57227903,0.5461847,3.925037,3.60325,-3.19875,5,R2,Fall,2020
6,R1,Fall,2020,0,0,0,0,0,0,0,0,0,0,0,0,0,0,0,0,0,0,0,1,0,0,0,0,0,0,0,0,0,0,0,0,0,0,0,0,0,0,0,0,0,0,0,0,0,0,0,0,0,0,0,0,0,0,0,0,0,0,0,0,0,0,0,0,0,1,0,0,0,0,0,0,0,0,0,0,0,0,0,0,0,0,0,0,0,0,0,0,0,0,0,0,0,0,0,0,0,0,0,0,0,0,0,0,0,0,0,0,0,1,N 29˚29.800' W -90˚02.503',24,15.01,mesohaline,6.96,7.79,2,2,6,R1,Fall,2020,1,0,0,1,0,0,0,0,0,0,0,0,1,8.6034726,18.342648,73.05388,2.689086531,0.606866,3.5831396,7.921375,-7.088625,6,R1,Fall,2020
6,R2,Fall,2020,0,0,0,0,0,0,0,0,0,0,0,0,0,0,0,0,0,0,0,3,0,0,0,0,0,0,0,0,0,0,0,0,0,0,0,0,0,0,0,0,0,0,0,0,0,0,0,0,0,0,0,0,0,0,0,0,0,0,0,0,0,0,0,0,0,1,0,0,0,0,0,0,0,0,0,0,0,0,0,0,0,0,0,0,0,0,0,0,0,0,0,0,0,0,0,0,0,0,0,0,0,0,0,0,0,0,0,0,0,1,N 29˚29.800' W -90˚02.503',24,15.01,mesohaline,6.96,7.79,4,2,6,R2,Fall,2020,3,0,0,1,0,0,0,0,0,0,0,0,1,8.6034726,18.342648,73.05388,2.689086531,0.606866,3.5831396,7.921375,-7.088625,6,R2,Fall,2020
6,R3,Fall,2020,0,0,0,0,0,0,0,0,0,0,0,0,0,0,0,0,0,0,0,1,0,0,0,0,0,0,0,0,0,0,0,0,0,0,0,0,0,0,0,0,0,0,0,0,0,0,0,0,0,0,0,0,0,0,0,0,0,0,0,0,0,0,0,0,0,1,0,0,0,0,0,0,0,0,0,0,0,0,1,0,0,0,0,0,0,0,0,0,0,0,0,0,0,0,0,0,0,0,0,0,0,0,0,0,0,0,0,0,0,1,N 29˚29.800' W -90˚02.503',24,15.01,mesohaline,6.96,7.79,3,3,6,R3,Fall,2020,2,0,0,1,0,0,0,0,0,0,0,0,1,8.6034726,18.342648,73.05388,2.689086531,0.606866,3.5831396,7.921375,-7.088625,6,R3,Fall,2020
1,R1,Summer,2020,0,0,0,0,0,0,0,0,0,0,0,0,0,0,0,0,0,0,0,0,0,0,0,0,0,0,0,0,0,0,0,0,0,0,0,0,0,0,0,0,0,0,0,0,0,0,0,0,0,0,0,0,0,0,0,0,1,0,0,0,0,0,0,0,0,0,0,0,0,0,0,0,0,0,0,0,0,0,0,0,0,0,0,0,0,0,0,0,0,0,0,0,0,0,0,0,0,0,0,0,0,0,0,0,0,0,0,0,0,1,N 29˚19.426' W -89˚47.763',28.8,9.354,mesohaline,9.43,5.86,1,1,1,R1,Summer,2020,0,0,0,0,0,1,0,0,0,0,0,0,1,2.3809358,2.0713162,95.5477968,2.403392403,0.7024797,1.9301289,21.5316,12.1776,1,R1,Summer,2020
1,R3,Summer,2020,0,0,0,0,0,0,0,0,0,0,0,0,0,0,0,0,0,0,0,0,0,0,0,0,0,0,0,0,0,0,0,0,0,0,0,0,0,0,0,0,0,0,0,0,0,0,0,0,0,0,0,0,0,0,0,0,4,0,0,0,0,0,0,0,0,0,0,0,0,0,0,0,0,0,0,0,0,0,0,0,0,0,0,0,0,0,0,0,0,0,0,0,0,0,0,0,0,0,0,0,0,0,0,0,0,0,0,0,0,1,N 29˚19.426' W -89˚47.763',28.8,9.354,mesohaline,9.43,5.86,4,1,1,R3,Summer,2020,0,0,0,0,0,4,0,0,0,0,0,0,1,2.3809358,2.0713162,95.5477968,2.403392403,0.7024797,1.9301289,21.5316,12.1776,1,R3,Summer,2020
2,R1,Summer,2020,0,2,0,0,0,0,0,0,0,0,0,0,0,0,0,0,0,0,0,0,0,0,0,0,0,0,0,0,0,0,0,0,0,0,0,0,0,0,0,0,0,0,0,0,0,0,0,0,0,0,0,0,0,0,0,0,0,0,0,0,0,0,0,0,0,0,0,0,0,0,0,0,0,0,0,0,0,0,0,0,0,0,0,0,0,0,0,0,0,0,0,0,0,0,0,0,0,0,0,0,0,0,0,0,0,0,0,0,0,1,N 29˚28.937' W -89˚56.933',29.7,3.072,oligohaline,NA,7.62,2,1,2,R1,Summer,2020,0,2,0,0,0,0,0,0,0,0,0,0,1,13.176932,28.531268,58.29178257,4.887916169,0.5881443,3.3065217,9.907333333,6.835333333,2,R1,Summer,2020
2,R2,Summer,2020,0,1,0,0,0,0,0,0,0,0,0,0,0,0,0,0,0,0,0,0,0,0,0,0,0,0,0,0,0,0,0,0,0,0,0,0,0,0,0,0,0,0,0,0,0,1,0,0,0,0,0,0,0,0,0,0,0,0,0,0,0,0,0,0,0,0,0,0,0,0,0,0,0,0,0,0,0,0,0,0,0,0,0,0,0,0,0,0,0,0,0,0,0,0,0,0,0,0,0,0,0,0,0,0,0,0,0,0,0,1,N 29˚28.937' W -89˚56.933',29.7,3.072,oligohaline,NA,7.62,2,2,2,R2,Summer,2020,1,1,0,0,0,0,0,0,0,0,0,0,1,13.176932,28.531268,58.29178257,4.887916169,0.5881443,3.3065217,9.907333333,6.835333333,2,R2,Summer,2020
2,R3,Summer,2020,0,1,0,0,0,0,0,0,0,0,0,0,0,0,0,0,0,0,0,1,0,0,0,0,0,0,0,0,0,0,0,0,0,0,0,0,0,0,0,0,0,0,0,0,0,0,0,0,0,0,0,0,0,0,0,0,0,0,0,0,0,0,0,0,0,0,0,0,0,0,0,0,0,0,0,0,0,0,0,0,0,0,0,0,0,0,0,0,0,0,0,0,0,0,0,0,0,0,0,0,0,0,0,0,0,0,0,0,0,1,N 29˚28.937' W -89˚56.933',29.7,3.072,oligohaline,NA,7.62,2,2,2,R3,Summer,2020,1,1,0,0,0,0,0,0,0,0,0,0,1,13.176932,28.531268,58.29178257,4.887916169,0.5881443,3.3065217,9.907333333,6.835333333,2,R3,Summer,2020
3,R1,Summer,2020,0,2,0,0,0,0,0,0,0,0,0,0,0,0,0,0,0,0,0,0,0,0,0,0,0,0,0,0,0,0,0,0,0,0,0,0,0,0,0,0,0,0,0,0,0,0,0,0,3,2,0,0,0,0,0,0,0,0,0,0,0,0,0,0,0,0,0,0,0,0,0,0,0,0,0,0,0,0,0,0,0,0,0,0,0,0,0,0,0,0,0,0,0,0,0,0,0,0,0,0,0,0,0,0,0,0,0,0,0,1,N 29˚28.564' W -89˚56.878',30.4,4.333,oligohaline,NA,7.86,7,3,3,R1,Summer,2020,5,2,0,0,0,0,0,0,0,0,0,0,1,17.3749792,29.500928,53.12412292,10.19097059,0.6672335,1.4856731,8.849857143,4.516857143,3,R1,Summer,2020
3,R2,Summer,2020,0,2,0,0,0,0,0,0,0,0,0,0,0,0,0,0,0,0,0,0,0,0,0,0,0,0,0,0,0,0,0,0,0,0,0,0,0,0,0,0,0,0,0,0,0,0,0,0,11,3,0,0,0,0,0,0,0,0,0,0,0,0,0,0,0,0,0,0,0,0,0,0,0,0,0,0,0,0,0,0,0,0,0,0,0,0,0,0,0,0,0,0,0,0,0,0,0,0,0,0,0,0,0,0,0,0,0,0,0,1,N 29˚28.564' W -89˚56.878',30.4,4.333,oligohaline,NA,7.86,16,3,3,R2,Summer,2020,14,2,0,0,0,0,0,0,0,0,0,0,1,17.3749792,29.500928,53.12412292,10.19097059,0.6672335,1.4856731,8.849857143,4.516857143,3,R2,Summer,2020
3,R3,Summer,2020,0,0,0,0,0,0,0,0,0,0,0,0,0,0,0,0,0,0,0,0,0,0,0,0,0,0,0,0,0,0,0,0,0,0,0,0,0,0,0,0,0,0,0,0,0,0,0,0,5,4,0,0,0,0,0,0,0,0,0,0,0,0,0,0,0,0,0,0,0,0,0,0,0,0,0,0,0,0,0,0,0,0,0,0,0,0,0,0,0,0,0,0,0,0,0,0,0,0,0,0,0,0,0,0,0,0,0,0,0,1,N 29˚28.564' W -89˚56.878',30.4,4.333,oligohaline,NA,7.86,9,2,3,R3,Summer,2020,9,0,0,0,0,0,0,0,0,0,0,0,1,17.3749792,29.500928,53.12412292,10.19097059,0.6672335,1.4856731,8.849857143,4.516857143,3,R3,Summer,2020
4,R2,Summer,2020,0,0,0,0,0,0,0,0,0,0,0,0,0,0,0,0,0,0,0,0,0,0,0,0,0,0,0,0,0,0,0,0,0,0,0,0,0,0,0,0,0,0,0,0,0,0,0,0,0,0,0,0,0,0,0,0,0,0,0,0,0,0,0,0,0,0,0,0,0,0,0,0,0,0,0,0,0,0,0,0,0,0,0,0,0,0,0,0,0,0,0,0,0,0,0,0,0,0,0,0,0,0,0,0,0,0,1,0,0,1,N 29˚29.848' W -90˚6.3406',31,0.598,oligohaline,NA,8.26,1,1,4,R2,Summer,2020,0,0,1,0,0,0,0,0,0,0,0,0,1,13.2297987,28.020749,58.7494746,55.51853286,0.7091399,0.3487299,6.6906,6.0926,4,R2,Summer,2020
4,R3,Summer,2020,0,0,0,0,0,0,0,0,0,0,0,0,0,0,0,0,0,0,0,0,0,0,0,0,0,0,0,0,0,0,0,0,0,0,0,0,0,0,0,0,0,0,0,0,0,0,0,0,0,0,0,0,0,0,0,0,0,0,0,0,0,0,0,0,0,0,0,0,0,0,0,0,0,0,0,0,0,0,0,0,0,0,0,0,0,0,0,0,0,0,0,0,0,0,0,0,0,0,0,0,0,0,0,0,0,0,0,1,0,1,N 29˚29.848' W -90˚6.3406',31,0.598,oligohaline,NA,8.26,1,1,4,R3,Summer,2020,0,0,0,0,0,1,0,0,0,0,0,0,1,13.2297987,28.020749,58.7494746,55.51853286,0.7091399,0.3487299,6.6906,6.0926,4,R3,Summer,2020
6,R2,Summer,2020,0,0,0,0,0,0,0,0,0,0,0,0,0,0,0,0,0,0,0,0,0,0,0,0,0,0,0,0,0,0,0,0,0,0,0,0,0,0,0,0,0,0,0,0,0,0,0,0,0,0,0,0,0,0,0,0,0,0,0,0,0,0,0,0,0,0,0,0,0,0,0,0,0,0,0,0,0,0,0,0,0,0,0,0,0,0,0,0,0,0,0,0,0,0,0,0,0,0,0,0,0,0,0,0,0,0,0,0,1,1,N 29˚29.815' W -90˚02.503',32.4,1.366,oligohaline,NA,8.27,1,1,6,R2,Summer,2020,0,0,0,0,0,1,0,0,0,0,0,0,1,8.6034726,18.342648,73.05388,15.13584465,0.606866,3.5831396,7.921375,6.555375,6,R2,Summer,2020
6,R3,Summer,2020,0,2,0,0,0,0,0,0,1,0,0,0,0,0,0,0,0,0,0,0,0,0,0,0,0,0,0,0,0,0,0,0,0,0,0,0,0,0,0,0,0,0,0,0,0,0,0,0,0,0,0,0,0,0,0,0,0,0,0,0,0,0,0,0,0,0,0,0,0,0,0,0,0,0,0,0,0,0,0,0,0,0,0,0,0,0,0,0,0,0,0,0,0,0,0,0,0,0,0,0,0,0,0,0,0,0,0,0,0,1,N 29˚29.815' W -90˚02.503',32.4,1.366,oligohaline,NA,8.27,3,2,6,R3,Summer,2020,0,3,0,0,0,0,0,0,0,0,0,0,1,8.6034726,18.342648,73.05388,15.13584465,0.606866,3.5831396,7.921375,6.555375,6,R3,Summer,2020
7,R1,Summer,2020,0,0,0,1,0,0,0,0,0,0,0,0,0,0,0,0,0,0,0,0,0,0,0,0,0,0,0,0,0,0,0,0,0,0,0,0,0,0,0,0,0,0,0,0,0,0,0,0,0,0,0,0,0,0,0,0,0,0,0,0,0,0,0,0,0,0,0,0,0,0,0,0,0,0,0,0,0,0,0,0,0,0,0,0,0,0,0,0,0,0,0,0,0,0,0,0,0,0,0,0,0,0,0,0,0,0,0,1,0,1,N 29˚29.827' W -90˚00.592',31.2,2.182,oligohaline,NA,8.23,2,2,7,R1,Summer,2020,0,1,0,0,0,1,0,0,0,0,0,0,1,10.7061448,23.779207,65.5146576,17.97643754,0.6330634,2.7548834,4.0395,1.8575,7,R1,Summer,2020
7,R2,Summer,2020,0,1,0,1,0,0,0,0,0,0,0,0,0,0,0,0,0,0,0,0,0,0,0,0,0,0,0,0,0,0,0,0,0,0,0,0,0,0,0,0,0,0,0,0,0,0,0,0,0,2,0,0,0,0,0,0,0,0,0,0,0,0,0,0,0,0,0,0,0,0,0,0,0,0,0,0,0,0,0,0,0,0,0,0,0,0,0,0,0,0,0,0,0,0,0,0,0,0,0,0,0,0,0,0,0,0,0,0,0,1,N 29˚29.827' W -90˚00.592',31.2,2.182,oligohaline,NA,8.23,4,3,7,R2,Summer,2020,2,2,0,0,0,0,0,0,0,0,0,0,1,10.7061448,23.779207,65.5146576,17.97643754,0.6330634,2.7548834,4.0395,1.8575,7,R2,Summer,2020
7,R3,Summer,2020,0,0,0,1,0,0,0,0,0,0,0,0,0,0,0,0,0,0,0,0,0,0,0,0,0,0,0,0,0,0,0,0,0,0,0,0,0,0,0,0,0,0,0,0,0,0,0,0,0,3,1,1,0,0,0,0,0,0,0,0,0,0,0,0,0,0,0,0,0,0,0,0,0,0,0,0,0,0,0,0,0,0,0,0,0,0,0,0,0,0,0,0,0,0,0,0,0,0,0,0,0,0,0,0,0,0,0,0,0,1,N 29˚29.827' W -90˚00.592',31.2,2.182,oligohaline,NA,8.23,6,4,7,R3,Summer,2020,5,1,0,0,0,0,0,0,0,0,0,0,1,10.7061448,23.779207,65.5146576,17.97643754,0.6330634,2.7548834,4.0395,1.8575,7,R3,Summer,2020
8,R1,Summer,2020,0,10,0,0,0,0,0,0,0,0,0,0,0,0,0,0,0,0,0,0,0,0,0,0,0,0,0,0,0,0,0,0,0,0,0,0,0,0,0,0,0,0,0,0,0,1,0,0,0,0,0,0,0,0,0,0,0,0,0,0,0,0,0,0,0,0,0,0,0,0,0,0,0,0,0,0,0,0,0,0,0,0,0,0,0,1,0,1,0,0,71,0,0,0,0,0,0,0,0,0,0,0,0,0,0,0,0,0,0,1,N 29˚17.407' W -89˚54.427',30.2,11.68,mesohaline,7.2,8.32,84,5,8,R1,Summer,2020,1,10,71,0,0,1,0,0,0,0,0,1,1,1.34263434,0.924597,97.73277001,0.437831213,0.7730269,0.6053976,18.355,6.675,8,R1,Summer,2020
8,R2,Summer,2020,0,1,0,0,0,0,0,0,0,0,0,0,0,0,0,0,0,0,0,0,0,0,0,0,0,0,0,0,0,0,0,0,0,0,0,0,0,0,0,0,0,0,0,0,0,0,0,0,0,0,0,0,0,0,0,0,0,0,0,0,0,0,0,0,0,0,0,0,0,0,0,0,0,0,0,0,0,0,0,0,0,0,0,0,0,0,0,0,0,0,22,0,0,0,0,0,0,0,0,0,0,0,0,0,0,0,0,0,0,1,N 29˚17.407' W -89˚54.427',30.2,11.68,mesohaline,7.2,8.32,23,2,8,R2,Summer,2020,0,1,22,0,0,0,0,0,0,0,0,0,1,1.34263434,0.924597,97.73277001,0.437831213,0.7730269,0.6053976,18.355,6.675,8,R2,Summer,2020
8,R3,Summer,2020,0,2,0,0,0,0,0,0,0,0,0,0,0,0,0,0,0,0,0,0,0,0,0,0,0,0,0,0,0,0,0,0,0,0,0,0,0,0,0,0,0,0,0,0,0,1,0,0,0,0,0,0,0,0,0,0,0,0,0,0,0,0,0,0,0,0,0,0,0,0,0,0,0,0,0,0,0,0,0,0,0,0,0,0,0,0,0,0,0,1,17,0,0,0,0,0,0,0,0,0,0,0,0,0,0,0,0,0,0,1,N 29˚17.407' W -89˚54.427',30.2,11.68,mesohaline,7.2,8.32,21,4,8,R3,Summer,2020,1,2,17,0,0,0,1,0,0,0,0,0,1,1.34263434,0.924597,97.73277001,0.437831213,0.7730269,0.6053976,18.355,6.675,8,R3,Summer,2020
9,R1,Summer,2020,0,0,0,1,0,0,0,0,0,0,0,0,0,0,0,0,0,0,0,0,0,0,0,0,0,0,0,0,0,0,0,0,0,0,0,0,0,0,0,0,0,0,0,0,0,0,0,0,0,0,0,0,0,0,0,0,0,0,0,0,0,0,0,0,0,0,0,0,0,0,0,0,0,0,0,0,0,0,0,0,0,0,0,0,0,0,0,0,0,0,1,0,0,0,0,0,0,0,0,0,0,0,0,0,0,1,0,0,0,1,N 29˚16.104' W -89˚57.401',30.4,13.93,mesohaline,6.53,8.75,3,3,9,R1,Summer,2020,0,1,1,0,0,0,0,0,0,0,0,1,1,1.07258349,0.5332591,98.39410596,0.373179403,0.7549003,1.6052902,18.81,4.88,9,R1,Summer,2020
9,R2,Summer,2020,0,4,0,0,0,0,0,0,0,0,0,0,0,0,0,0,0,0,0,0,0,0,1,0,0,0,0,0,0,0,0,0,0,0,0,0,0,0,1,0,1,0,0,0,0,0,0,0,0,0,0,0,0,0,0,0,0,1,0,0,0,0,0,0,0,0,0,0,0,0,0,0,0,0,0,0,0,0,0,0,0,0,0,0,0,0,0,0,0,0,0,0,0,0,0,0,0,0,0,0,0,0,0,0,0,0,0,0,0,1,N 29˚16.104' W -89˚57.401',30.4,13.93,mesohaline,6.53,8.75,8,5,9,R2,Summer,2020,1,5,1,0,0,0,1,0,0,0,0,0,1,1.07258349,0.5332591,98.39410596,0.373179403,0.7549003,1.6052902,18.81,4.88,9,R2,Summer,2020
9,R3,Summer,2020,0,2,0,0,0,0,0,0,0,0,0,0,0,0,0,0,0,0,0,0,0,0,1,0,0,0,0,0,0,0,0,0,0,0,0,0,0,0,0,0,0,0,0,0,0,1,0,0,0,0,0,0,0,0,0,0,0,0,0,0,0,0,0,0,0,0,0,0,0,0,0,0,0,0,0,0,0,0,0,0,0,0,0,0,0,0,0,0,0,0,0,0,0,0,0,0,0,0,0,0,0,0,0,0,0,0,0,0,0,1,N 29˚16.104' W -89˚57.401',30.4,13.93,mesohaline,6.53,8.75,4,3,9,R3,Summer,2020,1,2,0,0,0,0,1,0,0,0,0,0,1,1.07258349,0.5332591,98.39410596,0.373179403,0.7549003,1.6052902,18.81,4.88,9,R3,Summer,2020
10,R1,Summer,2020,0,0,0,0,0,0,0,0,0,0,0,0,0,0,0,0,0,0,0,12,0,0,0,0,0,0,0,0,0,0,0,0,0,0,0,0,0,0,0,0,0,0,0,0,0,0,0,0,0,0,0,0,0,0,0,0,0,0,0,0,0,0,0,0,1,0,0,0,0,0,0,0,0,0,0,0,0,0,0,0,0,0,0,0,0,0,0,0,0,0,0,0,0,0,0,0,0,0,0,0,0,0,0,0,0,0,0,0,0,1,N 29˚17.778' W -90˚00.966',30.5,11.52,mesohaline,6.69,8.95,13,2,10,R1,Summer,2020,12,1,0,0,0,0,0,0,0,0,0,0,1,14.3438078,24.499875,61.15632455,14.49297914,0.6768025,1.5666362,17.37,5.85,10,R1,Summer,2020
10,R2,Summer,2020,0,0,0,0,0,0,0,0,0,0,0,1,0,0,0,0,0,0,0,6,0,0,2,0,0,0,0,0,0,0,0,0,0,0,0,0,0,0,0,0,0,0,0,0,0,1,0,0,0,0,0,0,0,0,0,0,0,0,0,0,0,0,0,0,0,0,0,0,0,0,0,0,0,0,0,0,0,0,0,1,0,0,0,0,0,0,0,0,0,0,0,0,0,0,0,0,0,0,0,0,0,0,0,0,0,0,0,0,0,1,N 29˚17.778' W -90˚00.966',30.5,11.52,mesohaline,6.69,8.95,11,5,10,R2,Summer,2020,8,1,0,0,0,0,2,0,0,0,0,0,1,14.3438078,24.499875,61.15632455,14.49297914,0.6768025,1.5666362,17.37,5.85,10,R2,Summer,2020
10,R3,Summer,2020,0,0,0,0,0,0,0,0,0,0,0,0,0,0,0,0,0,0,0,11,0,0,0,0,0,0,0,0,0,0,0,0,0,0,0,0,0,0,0,0,0,0,0,0,0,0,0,0,0,0,0,0,0,0,0,0,0,0,0,0,0,0,0,0,3,0,0,0,0,0,0,0,0,0,2,1,0,0,0,0,0,0,0,0,0,0,0,1,0,0,0,0,0,0,0,0,0,0,0,0,0,0,0,0,0,0,0,0,0,1,N 29˚17.778' W -90˚00.966',30.5,11.52,mesohaline,6.69,8.95,18,5,10,R3,Summer,2020,11,3,2,0,0,1,0,0,0,0,0,1,1,14.3438078,24.499875,61.15632455,14.49297914,0.6768025,1.5666362,17.37,5.85,10,R3,Summer,2020
11,R1,Summer,2020,0,0,0,0,0,0,0,0,0,0,0,0,0,0,0,0,0,0,0,3,0,0,0,0,0,0,0,0,0,0,0,0,0,0,0,0,0,0,0,0,0,0,0,0,0,1,0,0,0,0,0,0,0,0,0,0,0,0,0,0,0,0,0,0,0,0,0,0,0,0,0,0,0,0,2,0,0,0,0,0,0,0,0,0,1,0,1,1,0,0,0,0,0,0,0,0,0,0,0,0,0,0,0,0,0,0,0,0,0,1,N 29˚17.246' W -90˚0.2776',30.9,11.71,mesohaline,7.12,9.1,9,6,11,R1,Summer,2020,4,1,2,0,0,1,1,0,0,0,0,0,1,21.93301,39.93597,38.13103378,6.031771063,0.6932806,2.0881422,12.654,0.944,11,R1,Summer,2020
11,R2,Summer,2020,0,0,0,0,0,0,0,0,0,0,1,0,0,0,0,0,0,0,0,3,0,0,0,0,0,0,0,0,0,0,0,0,0,0,0,0,0,0,1,0,0,0,0,0,0,0,0,0,0,0,0,1,0,0,0,0,0,0,0,0,0,0,0,0,1,0,0,0,0,0,0,0,0,0,0,0,0,0,0,0,0,0,0,0,0,0,0,0,0,0,0,0,0,0,0,0,0,0,0,0,0,0,0,0,0,0,0,0,0,1,N 29˚17.246' W -90˚0.2776',30.9,11.71,mesohaline,7.12,9.1,7,5,11,R2,Summer,2020,4,3,0,0,0,0,0,0,0,0,0,0,1,21.93301,39.93597,38.13103378,6.031771063,0.6932806,2.0881422,12.654,0.944,11,R2,Summer,2020
11,R3,Summer,2020,0,0,0,0,0,0,0,0,0,0,0,0,0,0,0,0,0,0,0,6,0,0,0,0,0,0,3,4,0,0,0,0,0,0,0,0,0,0,0,0,0,0,0,0,0,0,0,0,0,0,0,0,0,0,0,0,0,0,0,0,0,0,0,0,2,0,0,0,0,0,0,0,0,0,0,0,0,0,0,0,0,0,0,0,0,0,0,0,0,0,0,0,0,0,0,0,0,0,0,0,0,0,0,0,0,0,0,0,0,1,N 29˚17.246' W -90˚0.2776',30.9,11.71,mesohaline,7.12,9.1,15,4,11,R3,Summer,2020,6,9,0,0,0,0,0,0,0,0,0,0,1,21.93301,39.93597,38.13103378,6.031771063,0.6932806,2.0881422,12.654,0.944,11,R3,Summer,2020
12,R1,Summer,2020,0,0,0,0,0,0,0,0,0,0,0,0,0,0,0,0,0,0,0,0,0,0,0,0,0,0,0,0,0,0,0,0,0,0,0,0,0,0,0,0,0,0,0,0,0,3,0,0,0,0,0,0,0,0,0,0,0,0,0,0,0,0,0,0,0,0,0,0,0,0,0,0,0,0,0,0,0,0,0,0,0,0,0,0,0,0,0,0,0,0,0,0,0,0,0,0,0,0,0,0,0,0,0,0,0,0,0,0,0,1,N 29˚17.212' W -90˚08.380',31.3,10.38,mesohaline,6.03,8.84,3,1,12,R1,Summer,2020,3,0,0,0,0,0,0,0,0,0,0,0,1,13.249841,25.719914,61.030235,3.125553336,0.6788537,2.2809696,12.32,1.94,12,R1,Summer,2020
12,R2,Summer,2020,0,0,0,0,0,0,0,0,0,0,0,0,0,0,0,0,0,0,0,0,0,0,0,0,0,0,0,0,0,0,0,0,0,0,0,0,0,0,0,0,0,0,0,0,1,1,0,0,0,0,0,0,0,0,0,0,0,0,0,0,0,0,0,0,0,0,0,0,0,0,0,0,0,0,0,0,0,0,0,0,0,0,0,0,0,0,0,0,0,0,0,0,0,0,0,0,0,0,0,0,0,0,0,0,0,0,0,0,0,1,N 29˚17.212' W -90˚08.380',31.3,10.38,mesohaline,6.03,8.84,2,2,12,R2,Summer,2020,1,0,0,0,0,0,1,0,0,0,0,0,1,13.249841,25.719914,61.030235,3.125553336,0.6788537,2.2809696,12.32,1.94,12,R2,Summer,2020
12,R3,Summer,2020,0,0,0,0,0,0,0,0,0,0,0,0,0,0,0,0,0,0,0,0,0,0,0,0,0,0,0,0,0,1,0,0,0,0,0,0,0,0,0,0,0,0,0,0,1,3,0,0,0,0,0,0,0,0,0,0,0,0,0,0,0,0,0,0,0,0,0,0,0,0,0,0,0,0,0,0,0,0,0,0,0,0,0,0,0,0,0,0,0,0,0,0,0,1,0,0,0,0,0,0,0,0,0,0,0,0,0,0,0,1,N 29˚17.212' W -90˚08.380',31.3,10.38,mesohaline,6.03,8.84,6,4,12,R3,Summer,2020,3,0,1,0,0,1,1,0,0,0,0,0,1,13.249841,25.719914,61.030235,3.125553336,0.6788537,2.2809696,12.32,1.94,12,R3,Summer,2020
13,R1,Summer,2020,1,0,0,3,0,0,0,0,0,0,1,0,0,0,0,0,0,0,0,0,2,0,0,0,0,0,0,0,0,0,0,0,0,0,0,0,0,0,0,0,0,0,0,0,0,0,0,0,0,0,0,0,0,0,0,0,0,0,0,0,0,0,0,0,0,0,0,0,0,0,0,0,0,0,0,0,0,0,0,0,0,0,0,0,0,0,0,0,0,0,0,0,0,0,0,0,0,0,0,0,0,0,0,0,0,0,0,0,0,1,N 29˚19.412' W -89˚50.460',31.6,7.96,mesohaline,6.35,9.05,7,4,13,R1,Summer,2020,2,4,0,0,0,1,0,0,0,0,0,0,1,0,0,99.9999102,1.328405913,0.6648432,2.7850522,16.575,8.615,13,R1,Summer,2020
13,R2,Summer,2020,0,0,0,0,0,0,0,0,0,0,0,0,0,0,0,0,0,0,0,1,0,0,0,0,0,0,0,0,0,0,0,0,0,0,0,0,0,0,0,0,0,0,0,0,0,0,0,0,0,0,0,0,3,0,0,0,0,0,0,0,1,0,0,0,0,0,0,0,0,0,0,0,0,0,0,0,0,0,0,0,0,0,0,0,0,0,0,0,0,0,0,0,0,0,0,0,0,0,0,0,0,0,0,0,0,0,0,0,0,1,N 29˚19.412' W -89˚50.460',31.6,7.96,mesohaline,6.35,9.05,5,3,13,R2,Summer,2020,1,0,0,0,0,3,1,0,0,0,0,0,1,0,0,99.9999102,1.328405913,0.6648432,2.7850522,16.575,8.615,13,R2,Summer,2020
13,R3,Summer,2020,0,0,0,0,2,0,0,0,0,0,0,0,1,0,0,0,0,0,0,0,0,0,0,0,0,0,0,0,0,0,0,0,0,0,0,0,0,0,0,0,0,0,0,0,0,0,0,0,0,0,0,0,0,0,0,0,0,0,0,0,0,0,0,0,0,0,0,0,0,0,0,0,0,0,0,0,0,0,0,0,0,0,0,0,0,0,0,0,0,0,0,0,0,0,0,0,0,0,0,0,0,0,0,0,0,0,0,0,0,1,N 29˚19.412' W -89˚50.460',31.6,7.96,mesohaline,6.35,9.05,3,2,13,R3,Summer,2020,0,3,0,0,0,0,0,0,0,0,0,0,1,0,0,99.9999102,1.328405913,0.6648432,2.7850522,16.575,8.615,13,R3,Summer,2020
14,R1,Summer,2020,0,0,0,0,0,0,0,0,0,0,0,0,0,0,0,0,0,0,0,0,0,0,0,0,0,0,0,0,0,0,0,0,0,0,0,0,0,0,0,0,0,0,0,0,0,0,0,0,0,0,0,0,1,0,0,0,0,0,0,0,0,0,0,0,0,0,0,0,0,0,0,0,0,0,0,0,0,0,0,0,0,0,0,0,0,0,0,0,0,0,0,0,0,0,0,0,0,0,0,0,0,0,0,0,0,0,0,0,0,1,N 29˚19.236' W -89˚50.237',32.1,8.47,mesohaline,6.52,9.06,1,1,14,R1,Summer,2020,0,0,0,0,0,1,0,0,0,0,0,0,1,12.0239185,20.779487,67.19659609,0.418992036,0.6852243,2.0807407,11.985,3.515,14,R1,Summer,2020
14,R2,Summer,2020,0,0,0,1,0,0,0,0,0,0,0,0,0,0,0,0,0,0,0,0,0,0,0,0,0,0,0,0,0,0,0,0,0,0,0,0,0,0,0,0,0,0,0,0,0,0,0,0,0,0,0,0,0,0,0,0,0,0,0,0,0,0,0,0,0,0,0,0,0,0,0,0,0,0,0,0,0,0,0,0,0,0,0,0,0,0,0,0,0,0,0,0,0,0,0,0,0,0,0,0,0,0,0,0,0,0,0,0,0,1,N 29˚19.236' W -89˚50.237',32.1,8.47,mesohaline,6.52,9.06,1,1,14,R2,Summer,2020,0,1,0,0,0,0,0,0,0,0,0,0,1,12.0239185,20.779487,67.19659609,0.418992036,0.6852243,2.0807407,11.985,3.515,14,R2,Summer,2020
14,R3,Summer,2020,0,0,0,0,0,1,0,0,0,0,0,0,0,0,0,0,0,0,0,1,0,0,0,0,0,0,1,0,0,0,0,0,0,0,0,0,0,0,0,0,0,0,0,0,0,0,0,0,0,0,0,0,1,0,0,0,0,0,0,0,0,0,0,0,0,0,0,0,0,0,0,0,0,0,0,0,0,0,0,0,0,0,0,0,0,0,0,0,0,0,0,0,0,0,0,0,0,0,0,0,0,0,0,0,0,0,0,0,0,1,N 29˚19.236' W -89˚50.237',32.1,8.47,mesohaline,6.52,9.06,4,4,14,R3,Summer,2020,1,2,0,0,0,1,0,0,0,0,0,0,1,12.0239185,20.779487,67.19659609,0.418992036,0.6852243,2.0807407,11.985,3.515,14,R3,Summer,2020
15,R1,Summer,2020,0,0,0,4,0,0,0,0,0,0,0,0,0,0,0,0,0,0,0,0,0,0,0,0,0,0,0,0,0,0,0,0,0,0,0,1,2,2,0,0,0,0,0,0,0,1,0,0,0,0,0,0,0,0,0,0,0,1,0,0,0,0,0,0,0,0,0,0,0,0,0,0,0,0,0,0,0,0,0,0,0,0,0,0,0,0,0,0,0,0,0,0,0,0,0,0,0,0,0,0,0,0,0,0,0,0,0,0,0,1,N 29˚15.272' W -89˚58.612',32.7,11.29,mesohaline,6.49,9.07,11,6,15,R1,Summer,2020,2,4,2,0,0,0,1,0,0,0,0,0,1,15.0178421,24.425314,60.55683939,3.242882647,0.783847,0.6386265,19.565,8.275,15,R1,Summer,2020
15,R2,Summer,2020,0,0,0,0,0,0,0,0,0,0,0,0,0,0,0,0,0,0,0,0,0,2,0,0,0,0,0,0,0,0,0,0,0,0,0,0,0,0,0,0,0,0,0,0,0,0,0,0,0,0,0,0,0,0,0,0,0,1,0,0,0,0,0,0,0,0,0,0,0,0,0,0,0,0,0,0,0,0,0,0,0,0,0,0,0,0,0,0,0,0,0,0,0,0,0,0,0,0,0,0,0,0,0,0,0,0,0,0,0,1,N 29˚15.272' W -89˚58.612',32.7,11.29,mesohaline,6.49,9.07,3,2,15,R2,Summer,2020,3,0,0,0,0,0,0,0,0,0,0,0,1,15.0178421,24.425314,60.55683939,3.242882647,0.783847,0.6386265,19.565,8.275,15,R2,Summer,2020
15,R3,Summer,2020,0,2,0,0,0,0,0,0,0,0,0,0,0,0,0,0,0,0,0,0,0,0,0,0,3,0,0,0,0,0,0,0,0,0,0,0,0,0,0,0,0,0,0,0,0,1,0,0,0,0,0,0,0,0,0,0,0,0,0,0,0,0,0,0,0,0,0,0,0,0,0,0,0,0,0,0,0,0,0,0,0,0,0,0,0,0,0,0,0,0,0,0,0,0,0,0,0,0,0,0,0,0,0,0,0,0,0,0,0,1,N 29˚15.272' W -89˚58.612',32.7,11.29,mesohaline,6.49,9.07,6,3,15,R3,Summer,2020,1,2,0,0,0,0,3,0,0,0,0,0,1,15.0178421,24.425314,60.55683939,3.242882647,0.783847,0.6386265,19.565,8.275,15,R3,Summer,2020
1,R1,Summer,2021,1,0,0,0,0,0,0,0,0,0,0,0,0,0,0,0,0,0,0,0,0,0,0,0,0,0,0,0,0,0,0,0,0,0,0,0,0,0,0,0,0,0,0,0,0,0,0,0,0,0,0,0,0,0,0,0,0,0,0,0,0,0,0,0,0,0,0,0,0,0,0,0,0,0,0,0,0,0,0,0,0,0,0,0,0,0,0,0,0,0,0,0,0,0,0,0,0,0,0,0,0,0,0,0,0,0,0,0,0,1,N 29˚19.454' W -89˚48.030',31.9,17.18,mesohaline,9.25,8.6,1,2,1,R1,Summer,2021,0,0,0,0,0,1,0,0,0,0,0,0,1,2.3809358,2.0713162,95.5477968,2.403392403,0.7024797,1.9301289,21.46666667,4.286666667,1,R1,Summer,2021
1,R2,Summer,2021,0,0,0,2,0,0,0,0,0,0,0,0,0,0,0,0,0,0,0,0,0,0,0,0,0,0,0,0,0,0,0,0,0,0,0,0,0,0,0,0,0,0,0,0,0,0,0,0,0,0,0,0,2,0,0,0,0,0,0,0,0,0,0,0,0,0,0,0,0,0,0,0,0,0,0,0,0,0,0,0,0,0,0,0,0,0,0,0,0,0,0,0,0,0,0,0,0,0,0,0,0,0,0,0,0,0,0,0,0,1,N 29˚19.454' W -89˚48.030',31.9,17.18,mesohaline,9.25,8.6,4,3,1,R2,Summer,2021,0,2,0,0,0,2,0,0,0,0,0,0,1,2.3809358,2.0713162,95.5477968,2.403392403,0.7024797,1.9301289,21.46666667,4.286666667,1,R2,Summer,2021
1,R3,Summer,2021,1,0,0,0,0,0,0,2,0,0,0,0,0,0,0,0,0,0,0,0,0,0,0,0,0,0,0,0,0,0,0,0,0,0,0,0,0,0,0,0,0,0,0,0,0,0,2,0,0,0,0,0,0,0,0,0,0,0,1,2,0,0,0,0,0,0,0,0,0,0,0,0,0,0,0,0,0,0,0,0,0,0,0,0,0,0,0,0,0,0,0,0,0,0,0,0,0,0,0,0,0,0,0,0,0,0,0,0,0,1,N 29˚19.454' W -89˚48.030',31.9,17.18,mesohaline,9.25,8.6,8,6,1,R3,Summer,2021,2,2,0,0,0,2,2,0,0,0,0,0,1,2.3809358,2.0713162,95.5477968,2.403392403,0.7024797,1.9301289,21.46666667,4.286666667,1,R3,Summer,2021
2,R1,Summer,2021,0,0,0,1,0,0,0,0,0,0,0,0,0,0,0,0,0,0,0,0,0,0,0,0,0,0,0,0,0,0,0,0,0,0,0,0,0,0,0,0,0,0,0,0,0,0,0,0,0,0,0,0,0,0,0,0,0,0,0,0,0,0,0,0,0,0,0,0,0,0,0,0,0,0,0,0,0,0,0,0,0,0,0,0,0,0,0,0,0,0,0,0,0,0,0,0,0,0,0,0,0,0,0,0,0,0,0,0,0,1,N 29˚28.903' W -89˚56.981',31,1.66,oligohaline,4.77,7.69,1,2,2,R1,Summer,2021,0,1,0,0,0,0,0,0,0,0,0,0,1,13.176932,28.531268,58.29178257,11.65784541,0.5881443,3.3065217,7.962,6.302,2,R1,Summer,2021
4,R1,Summer,2021,1,0,0,0,0,0,0,0,0,0,0,0,0,0,0,0,0,0,0,0,0,0,0,0,0,0,0,0,0,0,0,0,0,0,0,0,0,0,0,0,0,0,0,0,0,0,0,0,0,0,0,0,0,0,0,0,0,0,0,0,0,0,0,0,0,0,0,0,0,0,0,0,0,0,0,0,19,1,0,0,0,0,0,0,0,0,0,0,0,0,0,0,0,0,0,0,0,0,0,0,0,0,0,0,0,0,0,0,0,1,N 29˚29.885' W -90˚06.586',29,0.21,oligohaline,6.26,7.63,21,4,4,R1,Summer,2021,0,20,0,0,0,1,1,0,0,0,0,0,1,13.2297987,28.020749,58.7494746,57.82698735,0.7091399,0.3487299,1.9337,1.7237,4,R1,Summer,2021
4,R2,Summer,2021,0,0,0,0,0,0,0,0,0,0,0,0,0,0,0,0,0,0,0,0,0,0,0,0,0,0,0,0,0,0,0,0,0,0,0,0,0,0,0,0,0,0,0,0,0,0,0,0,0,0,0,0,0,0,0,0,0,0,0,0,0,0,0,0,0,0,0,0,0,0,0,0,0,0,0,0,75,0,0,0,0,0,0,0,0,0,0,0,0,0,0,0,0,0,0,0,0,0,0,0,0,0,0,0,0,0,0,0,0,1,N 29˚29.885' W -90˚06.586',29,0.21,oligohaline,6.26,7.63,75,2,4,R2,Summer,2021,0,75,0,0,0,0,0,0,0,0,0,0,1,13.2297987,28.020749,58.7494746,57.82698735,0.7091399,0.3487299,1.9337,1.7237,4,R2,Summer,2021
4,R3,Summer,2021,0,0,0,0,0,0,0,0,0,0,0,0,0,0,0,0,0,0,0,0,0,0,0,0,0,0,0,0,0,0,0,0,0,0,0,0,0,0,0,0,0,0,0,0,0,0,0,0,0,0,0,0,0,0,0,0,0,0,0,0,0,0,0,0,0,0,0,0,0,0,0,0,0,0,0,0,71,0,0,0,0,0,0,0,0,0,0,0,0,0,0,0,0,0,0,0,0,0,0,0,0,0,0,0,0,0,0,0,0,1,N 29˚29.885' W -90˚06.586',29,0.21,oligohaline,6.26,7.63,71,2,4,R3,Summer,2021,0,71,0,0,0,0,0,0,0,0,0,0,1,13.2297987,28.020749,58.7494746,57.82698735,0.7091399,0.3487299,1.9337,1.7237,4,R3,Summer,2021
5,R2,Summer,2021,0,0,0,0,0,0,0,0,0,0,0,0,0,0,0,0,0,0,0,1,0,0,0,0,0,0,0,0,0,0,0,0,0,0,0,0,0,0,0,0,0,0,0,0,0,0,0,0,0,0,0,0,0,0,0,0,0,0,0,0,0,0,0,0,0,0,0,0,0,0,0,0,0,0,0,0,0,0,0,0,0,0,0,0,0,0,0,0,0,0,0,0,0,0,0,0,0,0,0,0,0,0,0,0,0,0,0,0,0,1,N 29˚33.925' W -90˚09.916',29.4,0.12,oligohaline,6.22,7.31,1,2,5,R2,Summer,2021,1,0,0,0,0,0,0,0,0,0,0,0,1,7.1531299,17.753442,75.0934696,23.57227903,0.5461847,3.925037,1.646666667,1.526666667,5,R2,Summer,2021
7,R1,Summer,2021,0,2,0,1,0,0,0,0,0,0,0,0,0,0,0,0,0,0,0,0,0,0,0,0,0,0,0,0,0,0,0,0,0,0,0,0,0,0,0,0,0,0,0,0,0,0,0,0,0,0,0,0,0,0,0,0,0,0,0,0,0,0,0,0,0,0,0,0,0,0,0,0,0,0,0,0,0,0,0,0,0,0,0,0,0,0,0,0,0,0,0,0,0,0,0,0,0,0,0,0,0,0,0,0,0,0,0,0,0,1,N 29˚29.829' W -90˚00.577',30.4,0.64,oligohaline,6.12,7.73,3,3,7,R1,Summer,2021,0,3,0,0,0,0,0,0,0,0,0,0,1,10.7061448,23.779207,65.5146576,11.07553956,0.6330634,2.7548834,3.797666667,3.157666667,7,R1,Summer,2021
7,R2,Summer,2021,0,0,0,0,0,0,0,0,0,0,0,0,0,0,0,0,0,0,0,0,0,0,0,0,0,0,0,0,0,0,0,0,0,0,0,0,0,0,0,0,0,0,0,0,0,0,0,0,0,0,0,0,0,0,0,0,0,0,0,1,0,0,0,0,0,0,0,0,0,0,0,0,0,0,0,0,0,0,0,0,0,0,0,0,0,0,0,0,0,0,0,0,0,0,0,0,0,0,0,0,0,0,0,0,0,0,0,0,0,1,N 29˚29.829' W -90˚00.577',30.4,0.64,oligohaline,6.12,7.73,1,2,7,R2,Summer,2021,0,0,0,0,0,0,1,0,0,0,0,0,1,10.7061448,23.779207,65.5146576,11.07553956,0.6330634,2.7548834,3.797666667,3.157666667,7,R2,Summer,2021
7,R3,Summer,2021,2,0,0,0,0,0,0,0,0,0,0,0,0,0,0,0,0,0,0,0,0,0,0,0,0,0,0,0,0,0,0,0,0,0,0,0,0,0,0,0,0,0,0,0,0,0,0,0,0,0,0,0,0,0,0,0,0,0,0,0,0,0,0,0,0,0,0,0,0,0,0,0,0,0,0,0,0,0,0,0,0,0,0,0,0,0,0,0,0,0,0,0,0,0,0,0,0,0,0,0,0,0,0,0,0,0,0,0,0,1,N 29˚29.829' W -90˚00.577',30.4,0.64,oligohaline,6.12,7.73,2,2,7,R3,Summer,2021,0,0,0,0,0,2,0,0,0,0,0,0,1,10.7061448,23.779207,65.5146576,11.07553956,0.6330634,2.7548834,3.797666667,3.157666667,7,R3,Summer,2021
8,R1,Summer,2021,1,0,0,0,0,0,0,0,0,0,0,0,0,0,0,0,0,0,0,0,0,0,0,0,0,0,0,0,0,0,0,0,0,0,0,0,0,0,0,0,0,0,0,0,0,1,0,1,0,0,0,0,0,0,0,0,0,0,0,0,0,0,0,0,0,0,0,0,0,0,0,0,0,0,0,0,0,0,0,0,6,0,0,0,0,0,0,0,0,0,0,0,0,0,0,0,0,0,0,0,0,0,0,0,0,0,0,0,0,1,N 29˚17.833' W -89˚54.555',30.8,22.42,polyhaline,6.51,8.47,9,5,8,R1,Summer,2021,2,6,0,0,0,1,0,0,0,0,0,0,1,1.34263434,0.924597,97.73277001,0.437831213,0.7730269,0.6053976,23.0025,0.5825,8,R1,Summer,2021
8,R2,Summer,2021,0,1,0,1,0,0,0,0,0,0,0,0,0,0,0,0,0,0,0,0,0,0,0,0,0,0,0,0,0,0,0,0,0,0,0,0,0,0,0,0,0,0,0,0,0,3,0,0,0,0,0,0,3,0,0,0,0,0,0,0,0,0,0,0,0,0,0,0,0,0,0,0,0,0,0,1,0,0,0,0,7,0,0,0,0,0,0,0,0,0,0,0,0,0,0,0,0,0,0,0,0,0,0,0,0,0,0,0,0,1,N 29˚17.833' W -89˚54.555',30.8,22.42,polyhaline,6.51,8.47,16,7,8,R2,Summer,2021,3,9,0,0,0,3,0,0,0,0,0,1,1,1.34263434,0.924597,97.73277001,0.437831213,0.7730269,0.6053976,23.0025,0.5825,8,R2,Summer,2021
8,R3,Summer,2021,0,0,0,2,0,0,0,0,0,0,0,0,0,0,0,0,0,0,0,0,0,0,0,0,0,0,0,0,0,0,0,0,0,0,0,0,0,0,0,0,0,0,0,0,0,1,0,0,0,0,0,0,0,0,0,0,0,0,0,0,0,0,0,0,0,0,0,0,0,0,0,0,0,0,0,0,0,0,0,0,7,0,0,0,0,0,0,0,0,0,0,0,0,0,0,0,0,0,0,0,0,0,0,0,0,0,0,0,0,1,N 29˚17.833' W -89˚54.555',30.8,22.42,polyhaline,6.51,8.47,10,4,8,R3,Summer,2021,1,9,0,0,0,0,0,0,0,0,0,0,1,1.34263434,0.924597,97.73277001,0.437831213,0.7730269,0.6053976,23.0025,0.5825,8,R3,Summer,2021
9,R1,Summer,2021,0,0,0,0,0,0,0,0,0,0,0,0,0,0,0,0,0,0,0,0,0,0,0,0,0,0,0,0,0,0,0,0,0,0,0,0,0,0,0,0,0,0,0,0,0,1,0,0,0,0,0,0,0,0,0,0,0,0,0,0,0,1,0,0,0,0,0,0,0,0,0,0,0,0,0,0,0,0,0,0,10,0,0,0,0,0,0,0,0,0,0,0,0,0,0,0,0,1,0,0,0,0,0,0,0,0,0,0,0,1,N 29˚16.063' W -89˚57.439',30.1,17.14,mesohaline,6.84,8.54,13,5,9,R1,Summer,2021,1,10,1,0,0,0,1,0,0,0,0,0,1,1.07258349,0.5332591,98.39410596,0.373179403,0.7549003,1.6052902,20.08666667,2.946666667,9,R1,Summer,2021
9,R2,Summer,2021,0,0,0,0,0,0,0,0,0,0,0,0,0,0,0,0,0,0,0,0,0,0,0,0,0,0,0,0,0,0,0,0,0,0,0,0,0,0,0,0,0,0,0,0,0,4,0,0,0,0,0,0,0,0,0,0,0,0,0,1,0,0,0,0,0,0,0,0,0,0,0,0,1,0,0,0,0,0,0,0,1,0,0,0,0,0,0,0,0,0,0,0,0,0,0,0,0,0,0,0,0,0,0,0,0,0,0,0,0,1,N 29˚16.063' W -89˚57.439',30.1,17.14,mesohaline,6.84,8.54,7,5,9,R2,Summer,2021,4,1,0,0,0,0,1,0,0,0,0,1,1,1.07258349,0.5332591,98.39410596,0.373179403,0.7549003,1.6052902,20.08666667,2.946666667,9,R2,Summer,2021
9,R3,Summer,2021,0,0,0,0,0,0,0,0,0,0,0,0,0,0,0,0,0,0,0,0,0,0,0,0,0,0,0,0,0,0,0,0,0,0,0,0,0,0,0,0,0,0,0,0,0,0,0,1,0,0,0,0,5,0,0,0,0,0,0,0,0,0,0,0,0,0,0,0,0,0,0,0,0,0,0,0,0,0,0,0,1,0,0,0,0,0,0,0,0,0,0,0,0,0,0,0,0,1,0,0,0,0,0,0,0,0,0,0,0,1,N 29˚16.063' W -89˚57.439',30.1,17.14,mesohaline,6.84,8.54,8,5,9,R3,Summer,2021,1,1,1,0,0,5,0,0,0,0,0,0,1,1.07258349,0.5332591,98.39410596,0.373179403,0.7549003,1.6052902,20.08666667,2.946666667,9,R3,Summer,2021
10,R1,Summer,2021,0,0,0,0,0,0,0,0,0,0,1,0,0,0,0,0,0,0,0,0,0,0,0,0,0,0,0,0,0,0,0,0,0,0,0,0,0,0,0,0,0,0,0,0,0,0,0,0,0,0,0,0,0,0,0,0,0,0,0,1,0,0,0,0,0,0,0,0,0,0,0,0,0,0,0,0,0,0,0,0,0,0,0,0,0,0,0,0,0,0,0,0,0,0,0,0,0,0,0,0,0,0,0,0,0,0,0,0,0,1,N 29˚17.798' W -90˚00.991',29.5,13.66,mesohaline,6.07,8.32,2,3,10,R1,Summer,2021,0,1,0,0,0,0,1,0,0,0,0,0,1,14.3438078,24.499875,61.15632455,14.49297914,0.6768025,1.5666362,16.864,3.204,10,R1,Summer,2021
10,R3,Summer,2021,1,0,0,0,0,0,0,0,0,0,0,0,0,0,0,0,0,0,0,0,0,0,0,0,0,0,0,0,0,0,0,0,0,0,0,0,0,0,0,0,0,0,0,0,0,0,0,0,0,0,0,0,0,0,0,0,0,0,0,0,0,0,0,0,0,0,0,0,0,0,0,0,0,0,0,0,0,0,0,0,0,0,0,0,0,0,0,0,0,0,0,0,0,0,0,0,0,0,0,0,0,0,0,0,0,0,0,0,0,1,N 29˚17.798' W -90˚00.991',29.5,13.66,mesohaline,6.07,8.32,1,2,10,R3,Summer,2021,0,0,0,0,0,1,0,0,0,0,0,0,1,14.3438078,24.499875,61.15632455,14.49297914,0.6768025,1.5666362,16.864,3.204,10,R3,Summer,2021
11,R1,Summer,2021,2,0,0,1,0,0,0,0,0,0,0,0,0,0,0,0,0,0,0,0,0,0,0,0,0,0,0,0,0,0,0,0,0,0,0,0,0,0,0,0,0,0,0,0,0,0,0,0,0,0,0,0,0,0,0,0,0,0,0,0,0,0,0,0,0,0,0,0,0,0,0,0,0,0,0,0,0,0,0,0,0,0,0,0,0,0,0,0,0,0,0,0,0,0,0,0,0,0,0,0,0,0,0,0,0,0,0,0,0,1,N 29˚17.248' W -90˚02.671',29.1,14.77,mesohaline,6.29,8.32,3,3,11,R1,Summer,2021,0,1,0,0,0,2,0,0,0,0,0,0,1,21.93301,39.93597,38.13103378,6.031771063,0.6932806,2.0881422,16.55375,1.78375,11,R1,Summer,2021
11,R2,Summer,2021,0,0,0,0,0,0,0,0,0,0,0,0,0,0,0,0,0,0,0,1,0,0,0,0,0,0,0,0,0,0,0,0,0,0,0,0,0,0,0,0,0,0,0,0,0,0,0,0,0,0,0,0,0,0,0,0,0,3,0,0,0,0,0,0,0,0,0,0,0,0,0,0,0,1,0,0,0,0,0,0,0,0,0,0,0,0,0,0,0,0,0,0,0,0,0,0,0,0,0,0,0,0,0,0,0,0,0,0,0,1,N 29˚17.248' W -90˚02.671',29.1,14.77,mesohaline,6.29,8.32,5,4,11,R2,Summer,2021,4,0,1,0,0,0,0,0,0,0,0,0,1,21.93301,39.93597,38.13103378,6.031771063,0.6932806,2.0881422,16.55375,1.78375,11,R2,Summer,2021
11,R3,Summer,2021,0,0,0,0,0,0,0,0,1,0,0,0,0,0,0,0,0,0,0,0,0,0,0,0,0,0,0,1,0,0,0,0,0,0,0,0,0,0,0,0,0,0,0,0,0,1,0,0,0,0,0,0,1,0,0,0,0,1,0,0,0,0,0,0,0,0,0,0,0,0,0,0,0,0,0,0,0,1,0,0,0,0,0,0,0,0,0,0,0,0,0,0,0,0,0,0,0,0,0,0,0,0,0,0,0,0,0,0,0,1,N 29˚17.248' W -90˚02.671',29.1,14.77,mesohaline,6.29,8.32,6,7,11,R3,Summer,2021,2,2,0,0,0,1,1,0,0,0,0,0,1,21.93301,39.93597,38.13103378,6.031771063,0.6932806,2.0881422,16.55375,1.78375,11,R3,Summer,2021
12,R1,Summer,2021,0,0,0,0,0,0,0,0,0,0,0,0,0,0,0,0,0,0,0,0,0,0,0,0,0,0,0,0,0,0,0,0,0,0,0,0,0,0,0,0,0,0,0,0,0,0,0,0,0,0,0,0,0,0,0,5,0,0,0,0,0,0,0,0,0,0,0,0,0,0,0,0,0,0,0,0,0,0,0,0,0,0,0,0,0,0,0,0,0,0,0,0,0,0,0,0,0,0,0,0,0,0,0,0,0,0,0,0,0,1,N 29˚17.218' W -90˚08.373',28.9,13.41,mesohaline,6.92,7.92,5,2,12,R1,Summer,2021,0,0,5,0,0,0,0,0,0,0,0,0,1,13.249841,25.719914,61.030235,3.125553336,0.6788537,2.2809696,13.59,0.18,12,R1,Summer,2021
12,R2,Summer,2021,0,0,0,1,0,0,0,0,0,0,0,0,0,0,0,0,0,0,0,0,0,0,0,0,0,0,0,0,0,0,0,0,0,0,0,0,0,0,0,0,0,0,0,0,0,0,0,0,0,0,0,0,0,0,0,2,0,0,0,0,0,0,0,0,0,0,0,0,0,0,0,0,0,0,0,0,0,0,0,0,0,0,0,0,0,0,0,0,0,0,0,0,0,0,0,0,0,0,0,0,0,0,0,0,0,0,0,0,0,1,N 29˚17.218' W -90˚08.373',28.9,13.41,mesohaline,6.92,7.92,3,3,12,R2,Summer,2021,0,1,2,0,0,0,0,0,0,0,0,0,1,13.249841,25.719914,61.030235,3.125553336,0.6788537,2.2809696,13.59,0.18,12,R2,Summer,2021
12,R3,Summer,2021,0,0,0,0,0,0,0,0,0,0,0,0,0,0,0,0,0,0,0,0,0,0,0,0,0,0,0,0,0,0,0,0,0,0,0,0,0,0,0,0,0,0,0,0,0,0,0,0,0,0,0,0,0,0,0,2,0,0,0,0,0,0,0,0,0,0,0,0,0,0,0,0,0,0,0,0,0,0,0,0,0,0,0,0,0,0,0,0,0,0,0,0,0,0,0,0,0,0,0,0,0,0,0,0,0,0,0,0,0,1,N 29˚17.218' W -90˚08.373',28.9,13.41,mesohaline,6.92,7.92,2,2,12,R3,Summer,2021,0,0,2,0,0,0,0,0,0,0,0,0,1,13.249841,25.719914,61.030235,3.125553336,0.6788537,2.2809696,13.59,0.18,12,R3,Summer,2021
13,R1,Summer,2021,2,0,0,0,0,0,0,0,0,0,0,0,0,1,0,0,0,0,0,0,0,0,0,0,0,0,0,0,0,0,0,0,0,0,0,0,0,0,0,0,0,0,0,0,0,0,0,0,0,0,0,0,0,0,0,0,0,0,0,1,0,0,0,0,0,0,0,0,0,0,0,0,0,0,0,0,0,0,0,0,0,0,0,0,0,0,0,0,0,0,0,0,0,0,0,0,0,0,0,0,0,0,0,0,0,0,0,0,0,1,N 29˚19.412' W -89˚50.408',30.9,16.77,mesohaline,10.14,8.68,4,4,13,R1,Summer,2021,0,1,0,0,0,2,1,0,0,0,0,0,1,0,0,99.9999102,1.328405913,0.6648432,2.7850522,19.862,3.092,13,R1,Summer,2021
13,R2,Summer,2021,2,0,0,0,1,0,0,0,0,0,0,0,0,0,0,0,0,0,0,0,0,0,0,0,0,0,0,0,0,0,0,0,0,0,0,0,0,0,0,0,0,0,0,0,0,0,0,0,0,0,0,0,0,0,0,0,0,0,0,0,0,0,0,0,0,0,0,0,0,0,0,0,0,0,0,0,0,0,0,0,0,0,0,0,0,0,0,0,0,0,0,0,0,0,0,0,0,0,0,0,0,0,0,0,0,0,0,0,0,1,N 29˚19.412' W -89˚50.408',30.9,16.77,mesohaline,10.14,8.68,3,3,13,R2,Summer,2021,0,1,0,0,0,2,0,0,0,0,0,0,1,0,0,99.9999102,1.328405913,0.6648432,2.7850522,19.862,3.092,13,R2,Summer,2021
13,R3,Summer,2021,0,0,0,2,0,0,0,0,0,0,0,0,0,0,0,0,0,0,0,0,0,0,0,0,0,0,0,0,0,0,0,0,0,0,0,0,0,0,0,0,0,0,0,0,0,0,0,0,0,0,0,0,2,0,0,0,0,0,0,1,0,0,0,0,0,0,0,0,0,0,0,0,0,0,0,0,0,0,0,0,0,0,0,0,0,0,0,0,0,0,0,0,0,0,0,0,0,0,0,0,0,0,0,0,0,0,0,0,0,1,N 29˚19.412' W -89˚50.408',30.9,16.77,mesohaline,10.14,8.68,5,4,13,R3,Summer,2021,0,2,0,0,0,2,1,0,0,0,0,0,1,0,0,99.9999102,1.328405913,0.6648432,2.7850522,19.862,3.092,13,R3,Summer,2021
14,R1,Summer,2021,0,0,0,0,0,0,0,0,0,0,0,0,0,0,0,0,0,0,0,2,0,0,0,0,0,0,0,0,0,0,0,0,0,0,0,0,0,0,0,0,0,0,0,0,0,0,0,0,0,0,0,0,0,0,0,0,0,0,0,0,0,0,0,0,0,0,0,0,0,0,0,0,0,0,0,0,0,0,0,0,0,0,0,0,0,0,0,0,0,0,0,0,0,0,0,0,0,0,0,1,0,0,0,0,0,0,0,0,0,1,N 29˚19.244' W -89˚50.230',30.4,16.63,mesohaline,9.52,8.65,3,3,14,R1,Summer,2021,2,0,0,0,0,1,0,0,0,0,0,0,1,12.0239185,20.779487,67.19659609,0.418992036,0.6852243,2.0807407,20.68714286,4.057142857,14,R1,Summer,2021
14,R2,Summer,2021,0,0,0,0,0,0,0,0,0,0,0,0,0,0,2,0,0,0,0,1,0,0,0,0,0,0,1,0,0,0,0,0,0,0,0,0,0,0,0,0,0,0,0,0,0,0,0,0,0,0,0,0,0,0,0,0,0,0,0,0,0,0,0,0,0,0,0,0,0,0,0,0,0,0,0,0,0,0,0,0,0,0,0,0,0,0,0,0,0,0,0,0,0,0,0,0,0,1,1,1,0,0,0,0,0,0,0,0,0,1,N 29˚19.244' W -89˚50.230',30.4,16.63,mesohaline,9.52,8.65,7,7,14,R2,Summer,2021,1,3,1,0,0,2,0,0,0,0,0,0,1,12.0239185,20.779487,67.19659609,0.418992036,0.6852243,2.0807407,20.68714286,4.057142857,14,R2,Summer,2021
14,R3,Summer,2021,0,0,0,0,0,0,0,0,0,0,0,0,0,0,1,0,0,0,0,0,0,0,0,0,0,0,0,0,0,0,0,0,0,0,0,0,0,0,0,0,0,0,0,0,0,0,0,0,0,0,0,0,0,0,0,0,0,0,0,0,0,0,0,0,0,0,0,0,0,0,0,0,0,0,0,0,0,0,0,0,0,0,0,0,0,0,0,0,0,0,0,0,0,0,0,0,0,0,0,1,0,0,0,0,0,0,0,0,0,1,N 29˚19.244' W -89˚50.230',30.4,16.63,mesohaline,9.52,8.65,2,3,14,R3,Summer,2021,0,1,0,0,0,1,0,0,0,0,0,0,1,12.0239185,20.779487,67.19659609,0.418992036,0.6852243,2.0807407,20.68714286,4.057142857,14,R3,Summer,2021
15,R1,Summer,2021,0,0,1,2,0,0,0,0,0,0,0,0,0,0,0,0,0,0,0,0,0,0,0,0,0,0,0,0,0,0,0,0,0,0,0,0,0,0,0,0,0,0,0,0,0,2,0,0,0,0,0,0,0,0,0,0,0,1,0,1,0,0,0,0,0,0,0,0,0,0,1,0,0,0,0,0,0,0,0,0,0,0,0,0,0,0,0,0,0,0,0,0,0,0,0,0,0,0,0,0,0,0,0,0,0,0,0,0,0,1,N 29˚15.303' W -89˚58.595',30.2,14.65,mesohaline,6.98,8.58,8,7,15,R1,Summer,2021,3,3,0,0,0,1,1,0,0,0,0,0,1,15.0178421,24.425314,60.55683939,3.242882647,0.783847,0.6386265,22.525,7.875,15,R1,Summer,2021
15,R2,Summer,2021,1,0,0,2,0,0,1,0,0,0,0,0,0,0,0,0,0,0,0,0,0,0,0,2,0,0,0,0,0,0,0,0,0,0,0,0,0,0,0,0,0,0,0,0,0,3,0,1,0,0,0,0,0,0,0,0,0,3,6,2,0,0,0,0,0,0,0,0,0,0,0,0,0,0,0,0,0,0,0,0,0,0,0,0,0,0,0,0,0,0,0,0,0,0,0,0,0,0,0,0,0,0,0,0,0,0,0,0,1,1,N 29˚15.303' W -89˚58.595',30.2,14.65,mesohaline,6.98,8.58,22,11,15,R2,Summer,2021,9,3,0,0,0,6,2,0,0,0,0,0,1,15.0178421,24.425314,60.55683939,3.242882647,0.783847,0.6386265,22.525,7.875,15,R2,Summer,2021
15,R3,Summer,2021,0,1,0,0,0,0,0,0,0,0,0,0,0,0,0,0,0,0,0,0,0,0,0,0,0,0,0,0,0,0,0,0,0,0,0,0,0,0,0,0,0,0,0,0,0,0,0,0,0,0,0,0,0,0,0,0,0,2,0,0,0,0,0,0,0,0,0,0,0,0,0,0,0,0,0,0,0,0,0,0,0,0,0,0,0,0,0,0,0,0,0,0,0,0,0,0,0,0,0,0,0,0,0,0,0,0,0,0,0,1,N 29˚15.303' W -89˚58.595',30.2,14.65,mesohaline,6.98,8.58,3,3,15,R3,Summer,2021,2,1,0,0,0,0,0,0,0,0,0,0,1,15.0178421,24.425314,60.55683939,3.242882647,0.783847,0.6386265,22.525,7.875,15,R3,Summer,2021
1,R1,Fall,2021,0,0,0,0,0,0,0,1,0,0,0,0,0,0,0,0,0,0,0,0,0,0,0,0,0,0,0,0,0,0,0,0,0,0,0,0,0,0,0,0,0,0,0,0,0,0,0,0,0,0,0,0,0,0,0,0,0,0,0,0,0,0,0,0,0,0,0,0,0,0,0,0,0,0,0,0,0,0,0,0,0,0,0,0,0,0,0,0,0,0,0,0,0,0,0,0,0,0,0,0,0,0,0,0,0,0,0,0,0,1,N 29˚159.411' W -89˚50.408',26.6,20.72,polyhaline,6.81,8.37,1,,1,R1,Fall,2021,,,,,,,,,,,,,,2.3809358,2.0713162,95.5477968,2.403392403,0.7024797,1.9301289,21.46666667,0.746666667,1,R1,Fall,2021
1,R2,Fall,2021,1,0,0,0,0,0,0,0,0,0,0,0,0,0,0,0,0,0,0,0,0,0,0,0,0,0,0,0,0,0,0,0,0,0,0,0,0,0,0,0,0,0,0,0,0,0,0,0,0,0,0,0,0,0,0,0,0,0,1,0,0,0,0,0,0,0,0,0,0,0,0,0,0,0,0,0,0,0,0,0,0,0,0,0,0,0,0,0,0,0,0,0,0,0,0,0,0,0,0,0,0,0,0,0,0,0,0,0,0,1,N 29˚159.411' W -89˚50.408',26.6,20.72,polyhaline,6.81,8.37,2,,1,R2,Fall,2021,,,,,,,,,,,,,,2.3809358,2.0713162,95.5477968,2.403392403,0.7024797,1.9301289,21.46666667,0.746666667,1,R2,Fall,2021
1,R3,Fall,2021,0,0,0,0,0,0,0,0,0,0,0,0,0,0,0,0,0,0,0,0,0,0,0,0,0,0,0,0,0,0,0,0,0,0,0,0,0,0,0,0,0,0,0,0,0,0,0,0,0,0,0,0,0,1,0,0,0,0,0,0,0,0,0,0,0,0,0,0,0,0,0,0,0,0,0,0,0,0,0,0,0,0,0,0,0,0,0,0,0,0,0,0,0,0,0,0,0,0,0,0,0,0,0,0,0,0,0,0,0,1,N 29˚159.411' W -89˚50.408',26.6,20.72,polyhaline,6.81,8.37,1,,1,R3,Fall,2021,,,,,,,,,,,,,,2.3809358,2.0713162,95.5477968,2.403392403,0.7024797,1.9301289,21.46666667,0.746666667,1,R3,Fall,2021
2,R4,Fall,2021,2,0,0,0,0,0,0,0,0,0,0,0,0,0,0,0,0,0,0,0,0,0,0,0,0,0,0,0,0,0,0,0,0,0,0,0,0,0,0,0,0,0,0,0,0,0,0,0,0,0,0,0,0,0,0,0,0,0,0,0,0,0,0,0,0,0,0,0,0,0,0,0,0,0,0,0,0,0,0,0,0,0,0,0,0,0,0,0,0,0,0,0,0,0,0,0,0,0,0,0,0,0,0,0,0,0,0,0,0,1,N 29˚28.896' W -89˚56.983',26.3,7.37,mesohaline,6.85,7.81,2,,2,R4,Fall,2021,,,,,,,,,,,,,,17.3749792,29.500928,53.12412292,11.65784541,0.5881443,3.3065217,7.962,0.592,2,R4,Fall,2021
3,R1,Fall,2021,0,1,0,0,0,0,0,0,0,0,0,0,0,0,0,0,0,0,0,0,0,0,0,0,0,0,0,0,0,0,0,0,0,0,0,0,0,0,0,0,0,0,0,0,0,0,0,0,0,0,0,0,0,0,0,0,0,0,0,0,0,0,0,0,0,1,0,0,0,0,0,0,0,0,0,0,0,0,0,0,0,0,0,0,0,0,0,0,0,0,0,0,0,0,0,0,0,0,0,0,0,0,0,0,0,0,0,0,0,1,N 29˚28.563' W -89˚56.869',26.3,7.38,mesohaline,7.65,7.81,2,,3,R1,Fall,2021,,,,,,,,,,,,,,17.3749792,29.500928,53.12412292,8.576258043,0.6672335,1.4856731,10.67,3.29,3,R1,Fall,2021
3,R3,Fall,2021,0,0,0,0,0,0,0,0,0,0,0,0,0,0,0,0,0,0,0,0,0,0,0,0,0,0,0,0,0,0,0,0,0,0,0,0,0,0,0,0,0,0,0,0,0,0,0,0,0,0,0,0,1,0,0,0,0,0,0,0,0,0,0,0,0,0,0,0,0,0,0,0,0,0,0,0,0,0,0,0,0,0,0,0,0,0,0,0,0,0,0,0,0,0,0,0,0,0,0,0,0,0,0,0,0,0,0,0,0,1,N 29˚28.563' W -89˚56.869',26.3,7.38,mesohaline,7.65,7.81,1,,3,R3,Fall,2021,,,,,,,,,,,,,,17.3749792,29.500928,53.12412292,8.576258043,0.6672335,1.4856731,10.67,3.29,3,R3,Fall,2021
3,R4,Fall,2021,1,0,0,0,0,0,0,0,0,0,0,0,0,0,0,0,0,0,0,0,0,0,0,0,0,0,0,0,0,0,0,0,0,0,0,0,0,0,0,0,0,0,0,0,0,0,0,0,0,0,0,0,0,0,0,0,0,0,0,0,0,0,0,0,0,0,0,0,0,0,0,0,0,0,0,0,0,0,0,0,0,0,0,0,0,0,0,0,0,0,0,0,0,0,0,0,0,0,0,0,0,0,0,0,0,0,0,0,0,1,N 29˚28.563' W -89˚56.869',26.3,7.38,mesohaline,7.65,7.81,1,,3,R4,Fall,2021,,,,,,,,,,,,,,17.3749792,29.500928,53.12412292,8.576258043,0.6672335,1.4856731,10.67,3.29,3,R4,Fall,2021
4,R1,Fall,2021,0,0,0,0,0,0,0,0,0,0,0,0,0,0,0,0,0,0,0,0,0,0,0,0,0,0,0,0,0,0,0,0,0,0,0,0,0,0,0,0,0,0,0,0,0,0,0,0,0,0,0,0,0,0,0,0,0,0,0,0,0,0,0,0,0,0,0,0,0,0,0,0,0,0,0,0,3,0,0,0,0,0,0,0,0,0,0,0,0,0,0,0,0,0,0,0,0,0,0,0,0,0,0,0,0,0,0,0,0,1,N 29˚29.873' W -90˚06.523',25.1,3.29,oligohaline,7.72,8.1,3,,4,R1,Fall,2021,,,,,,,,,,,,,,13.2297987,28.020749,58.7494746,57.82698735,0.7091399,0.3487299,1.9337,-1.3563,4,R1,Fall,2021
4,R2,Fall,2021,0,0,0,0,0,0,0,0,0,0,0,0,0,0,0,0,0,0,0,0,0,0,0,0,0,0,0,0,0,0,0,0,0,0,0,0,0,0,0,0,0,0,0,0,0,0,0,0,0,0,0,0,0,0,0,0,0,0,0,0,0,0,0,0,0,0,0,0,0,0,0,0,0,0,0,0,3,0,0,0,0,0,0,0,0,0,0,0,0,0,0,0,0,0,0,0,0,0,0,0,0,0,0,0,0,0,0,0,0,1,N 29˚29.873' W -90˚06.523',25.1,3.29,oligohaline,7.72,8.1,3,,4,R2,Fall,2021,,,,,,,,,,,,,,13.2297987,28.020749,58.7494746,57.82698735,0.7091399,0.3487299,1.9337,-1.3563,4,R2,Fall,2021
4,R3,Fall,2021,0,0,0,0,0,0,0,0,0,0,0,0,0,0,0,0,0,0,0,2,0,0,0,0,0,1,0,0,0,0,0,0,0,0,0,0,0,0,0,0,0,0,0,0,0,0,0,0,0,0,0,0,0,0,0,0,0,0,0,0,0,0,0,0,0,0,0,0,0,0,0,0,0,0,0,0,0,0,0,0,0,0,0,0,0,0,0,0,0,0,0,0,0,0,0,0,0,0,0,0,0,0,0,0,0,0,0,0,0,1,N 29˚29.873' W -90˚06.523',25.1,3.29,oligohaline,7.72,8.1,3,,4,R3,Fall,2021,,,,,,,,,,,,,,13.2297987,28.020749,58.7494746,57.82698735,0.7091399,0.3487299,1.9337,-1.3563,4,R3,Fall,2021
4,4,Fall,2021,0,0,0,0,0,0,0,0,0,0,0,0,0,0,0,0,0,0,0,0,0,0,0,0,0,0,0,0,0,0,0,0,0,0,0,0,0,0,0,0,0,0,0,0,0,0,0,0,0,0,0,0,0,0,0,0,0,0,0,0,0,0,0,0,0,0,0,0,0,0,0,0,0,0,0,0,1,0,0,0,0,0,0,0,0,0,0,0,0,0,0,0,0,0,0,0,0,0,0,0,0,0,0,0,0,0,0,0,0,1,N 29˚29.873' W -90˚06.523',25.1,3.29,oligohaline,7.72,8.1,1,,4,4,Fall,2021,,,,,,,,,,,,,,13.2297987,28.020749,58.7494746,57.82698735,0.7091399,0.3487299,1.9337,-1.3563,4,4,Fall,2021
5,R1,Fall,2021,0,0,0,0,0,0,0,0,0,0,0,0,0,0,0,0,0,0,0,0,0,0,0,0,0,0,0,0,0,0,0,0,0,0,0,0,0,0,0,0,0,0,0,0,0,0,0,0,0,0,0,0,0,0,0,0,0,0,0,0,0,0,0,0,0,0,0,0,0,0,0,0,0,0,0,0,0,0,0,0,0,0,0,0,0,0,0,0,0,0,0,1,0,0,0,0,0,0,0,0,0,0,0,0,0,0,0,0,0,1,N 29˚33.910' W -90˚09.916',25.7,2.41,oligohaline,6.94,7.62,1,,5,R1,Fall,2021,,,,,,,,,,,,,,7.1531299,17.753442,75.0934696,23.57227903,0.5461847,3.925037,1.646666667,-0.763333333,5,R1,Fall,2021
5,R2,Fall,2021,0,0,0,0,0,0,0,0,0,0,0,0,0,0,0,0,0,0,0,0,0,0,0,0,0,0,0,0,0,0,0,0,0,0,0,0,0,0,0,0,0,0,0,0,0,0,0,0,0,0,0,0,0,0,0,0,0,0,0,0,0,0,0,0,0,0,0,0,0,0,0,0,0,0,0,0,0,0,0,0,0,0,0,0,0,0,0,0,0,0,0,1,0,0,0,0,0,0,0,0,0,0,0,0,0,0,0,0,0,1,N 29˚33.910' W -90˚09.916',25.7,2.41,oligohaline,6.94,7.62,1,,5,R2,Fall,2021,,,,,,,,,,,,,,7.1531299,17.753442,75.0934696,23.57227903,0.5461847,3.925037,1.646666667,-0.763333333,5,R2,Fall,2021
6,R1,Fall,2021,0,0,0,0,0,0,0,0,0,0,0,0,0,0,0,0,0,1,0,0,0,0,0,0,0,0,0,0,0,0,0,0,0,0,0,0,0,0,0,0,0,0,0,0,0,0,0,0,0,0,0,0,0,0,0,0,0,0,0,0,0,0,0,0,0,0,0,0,0,0,0,0,0,0,0,0,0,0,0,0,0,0,0,0,0,0,0,0,0,0,0,0,0,0,0,0,0,0,0,0,0,0,0,0,0,0,0,0,0,1,N 29˚29.796' W -90˚02.524',26.5,3.9,oligohaline,7.09,8.01,1,,6,R1,Fall,2021,,,,,,,,,,,,,,8.6034726,18.342648,73.05388,2.689086531,0.606866,3.5831396,2.6,-1.3,6,R1,Fall,2021
6,R2,Fall,2021,1,0,0,0,0,0,0,0,0,0,0,0,0,0,0,0,0,0,0,0,0,0,0,0,0,0,0,0,0,0,0,0,0,0,0,0,0,0,0,0,0,0,0,0,0,0,0,0,0,0,0,0,0,0,0,0,0,0,0,0,0,0,0,0,0,0,0,0,0,0,0,0,0,0,0,0,0,0,0,0,0,0,0,0,0,0,0,0,0,0,0,0,0,0,0,0,0,0,0,0,0,0,0,0,0,0,0,0,0,1,N 29˚29.796' W -90˚02.524',26.5,3.9,oligohaline,7.09,8.01,1,,6,R2,Fall,2021,,,,,,,,,,,,,,8.6034726,18.342648,73.05388,2.689086531,0.606866,3.5831396,2.6,-1.3,6,R2,Fall,2021
6,R3,Fall,2021,0,0,0,0,0,0,0,0,0,0,0,0,0,0,0,0,0,0,0,1,0,0,0,0,0,0,0,0,0,0,0,0,0,0,0,0,0,0,0,0,0,0,0,0,0,0,0,0,0,0,0,0,0,0,0,0,0,0,0,0,0,0,0,0,0,0,0,0,0,0,0,0,0,0,0,0,0,0,0,0,0,0,0,0,0,0,0,0,0,0,0,0,0,0,0,0,0,0,0,0,0,1,0,0,0,0,0,0,0,1,N 29˚29.796' W -90˚02.524',26.5,3.9,oligohaline,7.09,8.01,2,,6,R3,Fall,2021,,,,,,,,,,,,,,8.6034726,18.342648,73.05388,2.689086531,0.606866,3.5831396,2.6,-1.3,6,R3,Fall,2021
6,R4,Fall,2021,0,0,0,0,0,0,0,0,0,0,0,0,0,0,0,0,0,0,0,0,0,0,0,0,0,0,0,0,0,0,0,0,0,0,0,0,0,0,0,0,0,0,0,0,0,1,0,0,0,0,0,0,0,0,0,0,0,0,0,0,0,0,0,0,0,0,0,0,0,0,0,0,0,0,0,0,0,0,0,0,0,0,0,0,0,0,0,0,0,0,0,0,0,0,0,0,0,0,0,0,0,0,0,0,0,0,0,0,0,1,N 29˚29.796' W -90˚02.524',26.5,3.9,oligohaline,7.09,8.01,1,,6,R4,Fall,2021,,,,,,,,,,,,,,8.6034726,18.342648,73.05388,2.689086531,0.606866,3.5831396,2.6,-1.3,6,R4,Fall,2021
7,R2,Fall,2021,0,0,0,0,0,0,0,0,0,0,0,0,0,0,0,0,0,0,0,1,0,0,0,0,0,0,0,0,0,0,0,0,0,0,0,0,0,0,0,0,0,0,0,0,0,0,0,0,0,0,0,0,0,0,0,0,0,0,0,0,0,0,0,0,0,0,0,0,0,0,0,0,0,0,0,0,0,0,0,0,0,0,0,0,0,0,0,0,0,0,0,0,0,0,0,0,0,0,0,0,0,0,0,0,0,0,0,0,0,1,N 29˚29.829' W -90˚00.577',27.4,4.09,oligohaline,7.46,8.05,1,,7,R2,Fall,2021,,,,,,,,,,,,,,10.7061448,23.779207,65.5146576,11.07553956,0.6330634,2.7548834,3.797666667,-0.292333333,7,R2,Fall,2021
7,R3,Fall,2021,0,0,0,0,0,0,0,0,0,0,0,0,0,0,0,0,0,0,0,0,0,0,0,0,0,0,0,0,0,0,0,0,0,0,0,0,0,0,0,0,0,0,0,0,0,0,0,0,0,0,0,0,0,0,0,0,0,0,0,0,0,0,0,0,0,0,0,0,0,0,0,0,0,0,0,0,0,0,0,0,0,0,0,0,0,0,0,0,0,0,0,1,0,0,0,0,0,0,0,0,0,0,0,0,0,0,0,0,0,1,N 29˚29.829' W -90˚00.577',27.4,4.09,oligohaline,7.46,8.05,1,,7,R3,Fall,2021,,,,,,,,,,,,,,10.7061448,23.779207,65.5146576,11.07553956,0.6330634,2.7548834,3.797666667,-0.292333333,7,R3,Fall,2021
7,R4,Fall,2021,4,0,0,0,0,0,0,0,0,0,0,0,0,0,0,0,0,0,0,0,0,0,0,0,0,0,0,0,0,0,0,0,0,0,0,0,0,0,0,0,0,0,0,0,0,0,0,0,0,0,0,0,0,0,0,0,0,0,0,0,0,0,0,0,0,0,0,0,0,0,0,0,0,0,0,0,0,0,0,0,0,0,0,0,0,0,0,0,0,0,0,0,0,0,0,0,0,0,0,0,0,0,0,0,0,0,0,0,0,1,N 29˚29.829' W -90˚00.577',27.4,4.09,oligohaline,7.46,8.05,4,,7,R4,Fall,2021,,,,,,,,,,,,,,10.7061448,23.779207,65.5146576,11.07553956,0.6330634,2.7548834,3.797666667,-0.292333333,7,R4,Fall,2021
8,R1,Fall,2021,0,0,0,1,0,0,0,0,0,0,0,0,0,0,0,0,0,0,0,0,0,0,0,0,0,0,0,0,0,0,0,0,0,0,0,0,0,0,0,0,0,0,0,0,0,0,2,0,0,0,0,0,0,0,0,0,0,0,0,0,0,0,0,0,0,0,0,0,0,0,0,0,0,0,0,0,0,0,0,0,0,0,0,0,0,0,0,0,0,0,0,0,0,0,0,0,0,0,0,0,0,0,0,0,0,0,0,0,0,1,N 29˚17.806' W -89˚54.599',27,23.13,polyhaline,7.4,8.43,3,,8,R1,Fall,2021,,,,,,,,,,,,,,1.34263434,0.924597,97.73277001,0.437831213,0.7730269,0.6053976,23.0025,-0.1275,8,R1,Fall,2021
8,R2,Fall,2021,0,0,0,1,0,0,0,0,0,0,0,0,0,0,0,0,0,0,0,0,0,0,0,0,0,0,0,0,0,0,0,0,0,0,0,0,0,0,0,0,0,0,0,0,0,0,0,0,0,0,0,0,0,0,0,0,0,1,0,0,0,0,0,0,0,0,0,0,0,0,0,0,0,0,0,0,0,0,0,0,0,0,0,0,0,0,0,0,0,0,0,0,0,0,0,0,0,0,0,0,0,0,0,0,0,0,0,0,0,1,N 29˚17.806' W -89˚54.599',27,23.13,polyhaline,7.4,8.43,2,,8,R2,Fall,2021,,,,,,,,,,,,,,1.34263434,0.924597,97.73277001,0.437831213,0.7730269,0.6053976,23.0025,-0.1275,8,R2,Fall,2021
9,R1,Fall,2021,0,0,0,1,0,0,0,0,0,0,0,0,0,0,0,0,0,0,0,0,0,0,0,0,0,0,0,0,0,0,0,0,0,0,0,0,0,0,0,0,0,0,0,0,0,0,0,0,0,0,0,0,0,0,0,0,0,0,0,0,0,0,0,0,0,0,0,0,0,0,0,0,0,0,0,0,0,0,0,0,0,0,0,0,0,0,0,0,0,0,0,0,0,0,0,0,0,0,0,0,0,0,0,0,0,0,0,0,0,1,N 29˚16.079' W -89˚57.442',27,21.62,polyhaline,7.14,8.38,1,,9,R1,Fall,2021,,,,,,,,,,,,,,1.07258349,0.5332591,98.39410596,0.373179403,0.7549003,1.6052902,20.08666667,-1.533333333,9,R1,Fall,2021
9,R2,Fall,2021,0,0,0,0,0,0,0,0,0,0,0,0,0,0,0,0,0,0,0,0,0,0,0,0,0,0,0,0,0,0,0,0,0,0,0,0,0,0,0,0,0,0,0,0,0,0,0,0,0,0,0,0,0,0,0,0,0,0,0,0,0,2,0,0,0,0,0,0,0,0,0,0,0,0,0,0,0,0,0,0,6,0,0,0,0,0,0,0,0,0,0,0,0,0,0,0,0,1,0,0,0,0,0,0,0,0,0,0,0,1,N 29˚16.079' W -89˚57.442',27,21.62,polyhaline,7.14,8.38,9,,9,R2,Fall,2021,,,,,,,,,,,,,,1.07258349,0.5332591,98.39410596,0.373179403,0.7549003,1.6052902,20.08666667,-1.53333333,9,R2,Fall,2021
9,R3,Fall,2021,0,0,0,0,0,0,0,0,0,0,0,0,0,0,0,0,0,0,0,0,0,0,0,0,0,0,0,0,0,0,0,0,0,0,0,0,0,0,0,0,0,0,0,0,0,0,0,0,0,0,0,0,0,0,0,0,0,0,0,0,0,0,0,0,0,0,0,0,0,0,0,0,0,0,0,0,0,0,0,0,1,0,0,0,0,0,0,0,0,0,0,0,0,0,0,0,0,0,0,0,0,0,0,0,0,0,0,0,0,1,N 29˚16.079' W -89˚57.442',27,21.62,polyhaline,7.14,8.38,1,,9,R3,Fall,2021,,,,,,,,,,,,,,1.07258349,0.5332591,98.39410596,0.373179403,0.7549003,1.6052902,20.0866667,-1.5333333,9,R3,Fall,2021
11,R1,Fall,2021,0,0,0,0,0,0,0,0,0,0,0,0,0,0,0,0,0,0,0,0,0,0,0,0,0,0,0,0,0,0,0,0,0,0,0,0,0,0,0,0,0,0,0,0,0,0,0,0,0,0,0,0,0,0,0,0,0,0,0,0,0,0,0,0,0,0,0,0,0,0,0,0,0,0,0,0,2,1,0,0,0,1,0,0,0,0,0,0,0,0,0,0,0,0,0,0,0,0,0,0,0,1,0,0,0,0,0,0,0,1,N 29˚17.268' W -90˚02.661',27,14.81,mesohaline,7.1,8.22,5,,11,R1,Fall,2021,,,,,,,,,,,,,,21.93301,39.93597,38.13103378,6.031771063,0.6932806,2.0881422,16.55375,1.74375,11,R1,Fall,2021
11,R2,Fall,2021,0,0,0,0,0,0,0,0,0,0,0,0,0,0,0,0,0,0,0,0,0,0,0,0,0,0,0,0,0,0,0,0,0,0,0,0,0,0,0,0,0,0,0,0,0,0,0,0,0,0,0,0,0,0,0,0,0,0,0,0,0,0,0,0,0,0,0,0,0,0,0,0,0,1,0,0,0,0,0,0,0,0,0,0,0,0,0,0,0,0,0,0,0,0,0,0,0,0,0,0,0,0,0,0,0,0,0,0,0,1,N 29˚17.268' W -90˚02.661',27,14.81,mesohaline,7.1,8.22,1,,11,R2,Fall,2021,,,,,,,,,,,,,,21.93301,39.93597,38.13103378,6.031771063,0.6932806,2.0881422,16.55375,1.74375,11,R2,Fall,2021
12,R3,Fall,2021,0,0,0,0,0,0,0,0,0,0,0,0,0,0,0,0,0,0,0,0,0,0,0,0,0,0,0,0,0,0,0,0,0,0,0,0,0,0,0,0,0,0,0,0,0,0,0,0,0,0,0,0,0,0,0,0,0,0,0,0,0,0,0,0,0,0,0,0,0,0,0,0,0,0,0,0,0,0,0,0,0,0,0,0,0,0,0,0,0,0,0,0,0,0,0,1,0,0,0,0,0,0,0,0,0,0,0,0,0,1,N 29˚17.218' W -90˚08.354',27.1,9.9,mesohaline,6.91,8.12,1,,12,R3,Fall,2021,,,,,,,,,,,,,,13.249841,25.719914,61.030235,3.125553336,0.6788537,2.2809696,13.59,3.69,12,R3,Fall,2021
14,R3,Fall,2021,0,0,0,1,0,0,0,0,0,0,0,0,0,0,0,0,0,0,0,0,0,0,0,0,0,0,0,0,0,0,0,0,0,0,0,0,0,0,0,0,0,0,0,0,0,0,0,0,0,0,0,0,0,0,0,0,0,0,0,0,0,0,0,0,0,0,0,0,0,0,0,0,0,0,0,0,0,0,0,0,0,0,0,0,0,0,0,0,0,0,0,0,0,0,0,0,0,0,0,0,0,0,0,0,0,0,0,0,0,1,N 29˚19.247' W -89˚50.235',29.6,21.42,polyhaline,7.35,8.36,1,,14,R3,Fall,2021,,,,,,,,,,,,,,12.0239185,20.779487,67.19659609,0.418992036,0.6852243,2.0807407,20.68714286,-0.732857143,14,R3,Fall,2021
15,R1,Fall,2021,0,0,0,1,0,0,0,0,0,0,0,0,0,0,0,0,0,0,0,0,0,0,0,0,0,0,0,0,0,0,0,0,0,0,0,0,0,0,0,0,0,0,0,0,0,0,0,0,0,0,0,0,0,0,0,0,0,0,0,0,0,0,0,0,0,0,0,0,0,0,0,0,0,0,0,0,0,0,0,0,0,0,0,0,0,0,0,0,0,0,0,0,0,0,0,0,0,0,0,0,0,0,1,0,1,0,0,0,0,1,N 29˚15.301' W -89˚58.598',27.1,21.05,polyhaline,7.13,8.3,3,,15,R1,Fall,2021,,,,,,,,,,,,,,15.0178421,24.425314,60.55683939,3.242882647,0.783847,0.6386265,22.525,1.475,15,R1,Fall,2021
15,R2,Fall,2021,1,1,0,0,0,0,0,0,0,0,0,0,0,0,0,0,0,0,0,0,0,0,0,0,0,0,0,0,0,0,0,0,0,0,0,0,0,0,0,0,0,0,0,0,0,0,0,0,0,0,0,0,0,0,0,0,0,0,0,0,0,0,0,0,0,0,0,0,0,0,0,0,0,0,0,0,0,0,0,0,0,0,0,0,0,0,0,0,0,0,0,0,0,0,0,0,0,0,0,0,0,0,0,0,0,0,0,0,0,1,N 29˚15.301' W -89˚58.598',27.1,21.05,polyhaline,7.13,8.3,2,,15,R2,Fall,2021,,,,,,,,,,,,,,15.0178421,24.425314,60.55683939,3.242882647,0.783847,0.6386265,22.525,1.475,15,R2,Fall,2021
15,R3,Fall,2021,0,0,0,0,0,0,0,0,0,0,0,0,0,0,0,0,0,0,0,0,0,0,0,0,0,0,0,0,0,0,0,0,0,0,0,0,0,0,0,0,0,0,0,0,0,0,0,0,0,0,0,0,0,0,0,0,0,1,1,0,0,0,0,0,0,0,0,0,0,0,0,0,0,0,0,0,0,0,0,0,0,0,0,0,0,0,0,0,0,0,0,0,0,0,0,0,0,0,0,0,0,0,0,0,0,0,0,0,0,1,N 29˚15.301' W -89˚58.598',27.1,21.05,polyhaline,7.13,8.3,2,,15,R3,Fall,2021,,,,,,,,,,,,,,15.0178421,24.425314,60.55683939,3.242882647,0.783847,0.6386265,22.525,1.475,15,R3,Fall,2021
1,R1,Spring,2022,1,0,0,0,0,0,0,0,0,0,0,0,0,0,0,0,0,0,0,0,0,0,0,0,0,0,1,0,0,0,0,0,0,0,0,0,0,0,0,0,0,0,0,0,0,0,0,0,0,0,0,0,0,0,0,0,0,1,0,0,0,0,0,0,0,0,0,0,0,0,0,0,0,0,0,0,0,0,0,0,0,0,0,0,0,0,0,0,0,0,0,0,0,0,0,0,0,0,0,0,0,0,0,0,0,0,0,0,0,1,,17.2,26.5,polyhaline,,8.43,3,,1,R1,Spring,2022,,,,,,,,,,,,,,2.3809358,2.0713162,95.5477968,2.403392403,0.7024797,1.9301289,21.46666667,-5.033333333,1,R1,Spring,2022
1,R2,Spring,2022,2,0,0,0,0,0,0,0,0,0,0,0,0,0,0,0,0,0,0,0,0,0,0,0,0,0,0,0,0,0,0,1,1,0,0,0,0,0,0,0,0,0,0,0,0,0,7,0,0,0,0,0,0,0,0,0,0,1,0,2,0,0,0,0,0,0,0,0,0,0,0,0,0,0,0,0,0,0,0,0,0,0,0,0,0,0,0,0,0,0,0,0,0,0,0,0,0,0,0,0,0,0,0,0,0,0,0,0,0,1,,17.2,26.5,polyhaline,,8.43,14,,1,R2,Spring,2022,,,,,,,,,,,,,,2.3809358,2.0713162,95.5477968,2.403392403,0.7024797,1.9301289,21.46666667,-5.033333333,1,R2,Spring,2022
1,R3,Spring,2022,0,0,0,0,0,0,0,0,0,0,0,0,0,0,0,0,0,0,0,0,0,0,0,0,0,0,0,0,0,0,0,0,0,0,0,0,0,0,0,0,0,0,0,0,0,0,1,0,0,0,0,0,0,0,0,0,0,2,0,2,0,0,0,0,0,0,0,0,1,0,0,0,0,0,0,0,0,0,0,0,0,0,0,0,0,0,0,0,0,0,0,0,0,0,0,0,0,0,0,0,1,0,0,0,0,0,0,0,0,1,,17.2,26.5,polyhaline,,8.43,7,,1,R3,Spring,2022,,,,,,,,,,,,,,2.3809358,2.0713162,95.5477968,2.403392403,0.7024797,1.9301289,21.46666667,-5.033333333,1,R3,Spring,2022
2,R1,Spring,2022,1,0,0,0,0,0,0,0,0,0,0,0,0,0,0,0,0,0,0,0,0,0,0,0,0,0,0,0,0,0,0,0,0,0,0,0,0,0,0,0,0,0,0,0,0,0,0,0,0,0,0,0,0,0,0,1,0,0,0,0,0,0,0,0,0,0,0,0,0,0,0,0,0,0,0,0,0,0,0,0,0,0,0,0,0,0,0,0,0,0,0,0,0,0,0,0,0,0,0,0,0,0,0,0,0,0,0,0,0,1,,17.1,10.26,mesohaline,,8.54,2,,2,R1,Spring,2022,,,,,,,,,,,,,,13.176932,28.531268,58.29178257,11.65784541,0.5881443,3.3065217,7.962,-2.298,2,R1,Spring,2022
2,R2,Spring,2022,1,0,0,0,0,0,0,0,0,0,0,0,0,0,0,0,0,0,0,0,0,0,0,0,0,0,0,0,0,0,0,0,0,0,0,0,0,0,0,0,0,0,0,0,0,0,0,0,0,0,0,0,0,0,0,1,0,0,0,0,0,0,0,0,0,0,0,0,0,0,0,0,0,0,0,0,0,0,0,0,0,0,0,0,0,0,0,0,0,0,0,0,0,0,0,0,0,0,0,0,0,0,0,0,0,0,0,0,0,1,,17.1,10.26,mesohaline,,8.54,2,,2,R2,Spring,2022,,,,,,,,,,,,,,13.176932,28.531268,58.29178257,11.65784541,0.5881443,3.3065217,7.962,-2.298,2,R2,Spring,2022
2,R3,Spring,2022,0,2,0,0,0,0,0,0,0,0,0,0,0,0,0,0,0,0,0,0,0,0,0,0,0,0,0,0,0,0,0,0,0,0,0,0,0,0,0,0,0,0,0,0,0,0,0,0,0,0,0,0,0,0,0,0,0,0,0,0,0,0,0,0,0,0,0,0,0,0,0,0,0,0,0,0,0,0,0,0,0,0,0,0,0,0,0,0,0,0,0,0,0,0,0,0,0,0,0,0,0,0,0,0,0,0,0,0,0,1,,17.1,10.26,mesohaline,,8.54,2,,2,R3,Spring,2022,,,,,,,,,,,,,,13.176932,28.531268,58.29178257,11.65784541,0.5881443,3.3065217,7.962,-2.298,2,R3,Spring,2022
3,R1,Spring,2022,0,8,0,7,0,0,0,0,0,0,0,0,0,0,0,0,0,0,0,2,0,0,0,0,0,0,0,0,0,0,0,0,0,0,0,0,0,0,0,0,0,0,0,0,0,1,0,0,0,0,0,0,0,0,0,0,0,0,0,0,0,0,0,0,0,0,0,0,0,0,0,0,0,0,0,0,0,0,0,0,0,0,0,0,0,0,0,0,0,0,0,0,0,0,0,0,0,0,0,0,0,0,0,0,0,0,0,0,0,1,,15.8,13.96,mesohaline,,8.54,18,,3,R1,Spring,2022,,,,,,,,,,,,,,17.3749792,29.500928,53.12412292,8.576258043,0.6672335,1.4856731,10.67,-3.29,3,R1,Spring,2022
3,R2,Spring,2022,1,3,0,2,0,0,0,0,0,0,0,0,0,0,0,0,0,0,0,0,0,0,0,0,0,0,0,0,0,0,0,0,0,0,0,0,0,0,0,0,0,0,0,0,0,4,1,0,0,0,0,0,0,1,0,1,0,0,0,0,0,0,0,0,0,0,0,0,0,0,0,0,0,0,1,0,0,0,0,0,0,0,0,0,0,0,0,0,0,0,0,0,0,0,0,0,0,0,0,0,0,2,0,0,0,0,0,0,0,1,,15.8,13.96,mesohaline,,8.54,16,,3,R2,Spring,2022,,,,,,,,,,,,,,17.3749792,29.500928,53.12412292,8.576258043,0.6672335,1.4856731,10.67,-3.29,3,R2,Spring,2022
3,R3,Spring,2022,0,5,0,6,0,0,0,0,0,0,0,0,0,0,0,0,0,0,0,0,0,0,0,0,0,0,0,0,0,0,0,0,0,0,0,0,0,0,0,0,0,0,0,0,0,1,0,0,0,0,0,0,0,2,0,0,0,0,0,0,0,0,0,0,0,0,0,0,0,0,0,0,0,0,0,0,0,0,0,0,0,0,0,0,0,0,0,0,0,0,0,0,0,0,0,0,0,0,0,0,0,0,0,1,0,0,0,0,0,1,,15.8,13.96,mesohaline,,8.54,15,,3,R3,Spring,2022,,,,,,,,,,,,,,17.3749792,29.500928,53.12412292,8.576258043,0.6672335,1.4856731,10.67,-3.29,3,R3,Spring,2022
4,R1,Spring,2022,0,0,0,0,0,0,0,0,0,0,0,0,0,0,0,0,0,0,0,0,0,0,0,0,0,3,0,0,0,0,0,0,0,1,0,0,0,0,0,0,0,0,0,0,0,0,1,0,0,0,0,0,0,0,0,0,0,0,0,0,0,0,0,0,0,0,0,0,0,0,0,0,0,0,0,0,15,0,0,3,0,0,0,0,0,0,0,0,0,0,0,0,0,0,0,0,0,0,0,0,0,0,0,0,0,0,0,0,0,1,,8.3,1.849,oligohaline,,8.25,23,,4,R1,Spring,2022,,,,,,,,,,,,,,13.2297987,28.020749,58.7494746,57.82698735,0.7091399,0.3487299,1.9337,0.0847,4,R1,Spring,2022
4,R2,Spring,2022,0,0,0,0,0,0,0,0,0,0,0,0,0,0,0,0,0,0,0,2,0,0,0,0,0,0,0,0,0,0,0,0,0,0,0,0,0,0,0,0,0,0,0,0,0,0,0,0,0,0,0,0,0,0,0,0,0,0,0,0,0,0,0,0,0,0,0,0,0,0,0,0,0,0,0,0,13,0,0,0,0,0,0,0,0,0,0,0,0,0,0,0,0,0,0,0,0,0,0,0,0,0,0,0,0,0,0,0,0,1,,8.3,1.849,oligohaline,,8.25,15,,4,R2,Spring,2022,,,,,,,,,,,,,,13.2297987,28.020749,58.7494746,57.82698735,0.7091399,0.3487299,1.9337,0.0847,4,R2,Spring,2022
4,R3,Spring,2022,0,0,0,0,0,0,0,0,0,0,0,0,0,0,0,0,0,0,0,2,0,0,0,0,0,0,0,0,0,0,0,0,0,0,0,0,0,0,0,0,0,0,0,0,0,0,0,0,0,0,0,0,0,0,0,0,0,0,0,0,0,0,0,0,0,0,0,0,0,0,0,0,0,0,0,0,8,0,0,0,0,0,0,0,0,0,0,0,0,0,0,0,0,0,0,0,0,0,0,0,0,0,0,0,0,0,0,0,0,1,,8.3,1.849,oligohaline,,8.25,10,,4,R3,Spring,2022,,,,,,,,,,,,,,13.2297987,28.020749,58.7494746,57.82698735,0.7091399,0.3487299,1.9337,0.0847,4,R3,Spring,2022
6,R2,Spring,2022,0,0,0,0,0,0,0,0,0,0,0,0,0,0,0,0,0,0,0,0,0,0,0,0,0,0,0,0,0,0,0,0,0,0,0,0,0,0,0,0,0,0,0,0,0,0,0,0,0,0,0,0,0,1,0,0,0,0,0,0,0,0,0,0,0,0,0,0,0,0,0,0,0,0,0,0,0,0,0,0,0,0,0,0,0,0,0,0,0,0,0,0,0,0,0,0,0,0,0,0,0,0,0,0,0,0,0,0,0,1,,15,0,oligohaline,,8.37,1,,6,R2,Spring,2022,,,,,,,,,,,,,,8.6034726,18.342648,73.05388,2.689086531,0.606866,3.5831396,2.6,2.6,6,R2,Spring,2022
6,R3,Spring,2022,1,0,0,0,0,0,0,0,0,0,0,0,0,0,0,0,0,0,0,0,0,0,0,0,0,0,0,0,0,0,0,0,0,0,0,0,0,0,0,0,0,0,0,0,0,0,0,0,0,0,0,0,1,0,0,0,0,0,0,0,0,0,0,0,0,0,0,0,0,0,0,0,0,0,0,0,1,0,0,0,0,0,0,0,0,0,0,0,0,0,0,0,0,0,0,0,0,0,0,0,0,0,0,0,0,0,0,0,0,1,,15,0,oligohaline,,8.37,3,,6,R3,Spring,2022,,,,,,,,,,,,,,8.6034726,18.342648,73.05388,2.689086531,0.606866,3.5831396,2.6,2.6,6,R3,Spring,2022
7,R1,Spring,2022,0,0,0,0,0,0,0,0,0,0,0,0,0,0,0,0,0,0,0,0,0,0,0,0,0,0,0,0,0,0,0,0,0,0,0,0,0,0,0,0,0,0,0,0,0,0,1,0,0,0,0,0,1,0,0,0,0,0,0,0,0,0,0,0,0,0,0,0,0,0,0,0,0,0,0,0,0,0,0,0,0,0,0,0,0,0,0,0,0,0,0,0,0,0,0,0,0,0,0,0,0,0,0,0,0,0,0,0,0,1,,14.7,6.663,mesohaline,,8.44,2,,7,R1,Spring,2022,,,,,,,,,,,,,,10.7061448,23.779207,65.5146576,11.07553956,0.6330634,2.7548834,3.797666667,-2.865333333,7,R1,Spring,2022
7,R2,Spring,2022,0,0,0,0,0,0,0,0,0,0,0,0,0,0,0,0,0,0,0,0,0,0,0,0,0,0,0,0,0,0,0,0,0,0,0,0,0,0,0,0,0,0,0,0,0,1,0,0,0,0,0,0,1,0,0,0,0,0,0,0,0,0,0,0,0,0,0,0,0,0,0,0,0,0,0,0,0,0,0,0,0,0,0,0,0,0,0,0,0,0,0,0,0,0,0,0,0,0,0,0,0,0,0,0,0,0,0,0,0,1,,14.7,6.663,mesohaline,,8.44,2,,7,R2,Spring,2022,,,,,,,,,,,,,,10.7061448,23.779207,65.5146576,11.07553956,0.6330634,2.7548834,3.797666667,-2.865333333,7,R2,Spring,2022
7,R3,Spring,2022,1,4,0,0,0,0,0,0,0,0,0,0,0,0,0,0,0,0,0,0,0,0,0,0,0,0,0,0,0,0,0,0,0,0,0,0,0,0,0,0,0,0,0,0,0,3,0,0,0,0,0,0,1,0,0,0,0,0,0,0,0,0,0,0,0,0,0,0,0,0,0,0,0,0,0,0,0,0,0,0,0,0,0,0,0,0,0,0,0,0,0,0,0,0,0,0,0,0,0,0,0,0,0,0,0,0,0,0,0,1,,14.7,6.663,mesohaline,,8.44,9,,7,R3,Spring,2022,,,,,,,,,,,,,,10.7061448,23.779207,65.5146576,11.07553956,0.6330634,2.7548834,3.797666667,-2.865333333,7,R3,Spring,2022
8,R1,Spring,2022,0,1,0,0,0,0,0,0,0,0,0,0,0,0,0,0,0,0,0,0,0,0,0,0,0,0,0,0,0,0,0,0,0,0,0,0,0,0,0,0,0,0,0,0,0,0,0,0,0,0,0,0,0,0,0,0,0,1,0,0,0,0,0,0,0,0,0,0,0,0,0,0,0,0,0,0,0,0,0,0,0,0,0,0,0,1,0,0,0,0,0,0,0,0,0,0,0,0,0,0,1,0,0,0,0,0,0,0,0,1,,15.9,23.5,polyhaline,,8.46,4,,8,R1,Spring,2022,,,,,,,,,,,,,,1.34263434,0.924597,97.73277001,0.437831213,0.7730269,0.6053976,23.0025,-0.4975,8,R1,Spring,2022
8,R2,Spring,2022,2,0,0,0,0,0,0,0,0,0,0,0,0,0,0,0,0,0,0,0,0,0,0,0,0,0,0,0,0,0,1,0,0,0,0,0,0,0,0,0,0,0,0,0,0,0,0,0,0,0,0,0,0,0,0,0,0,0,0,0,0,0,0,0,0,0,0,0,0,0,0,0,0,0,0,0,0,0,0,0,1,0,0,0,0,0,0,0,0,0,0,0,0,1,0,0,0,0,0,0,0,0,0,0,0,0,0,0,0,1,,15.9,23.5,polyhaline,,8.46,5,,8,R2,Spring,2022,,,,,,,,,,,,,,1.34263434,0.924597,97.73277001,0.437831213,0.7730269,0.6053976,23.0025,-0.4975,8,R2,Spring,2022
8,R3,Spring,2022,0,0,0,0,0,0,0,0,0,0,0,0,0,0,0,0,0,0,0,0,0,0,0,0,0,0,0,0,0,0,0,0,0,0,0,0,0,0,0,0,0,0,0,0,0,0,0,0,0,0,0,0,0,0,0,0,0,0,0,0,0,0,0,0,0,0,0,0,0,0,0,0,0,0,0,0,0,0,0,0,2,0,0,0,0,0,0,0,0,0,0,0,0,0,0,0,0,0,0,0,0,0,0,0,0,0,0,0,0,1,,15.9,23.5,polyhaline,,8.46,2,,8,R3,Spring,2022,,,,,,,,,,,,,,1.34263434,0.924597,97.73277001,0.437831213,0.7730269,0.6053976,23.0025,-0.4975,8,R3,Spring,2022
9,R1,Spring,2022,0,1,0,0,0,0,0,0,0,0,0,0,0,0,0,0,0,0,0,0,0,0,0,0,0,0,0,0,1,0,0,0,0,0,0,0,0,0,0,0,0,0,0,0,0,0,0,0,0,0,0,0,0,0,0,0,0,0,0,0,0,0,0,0,0,0,0,0,0,0,0,0,0,0,0,1,0,0,0,0,1,0,0,2,0,0,0,0,0,0,0,0,1,0,0,0,0,0,0,0,0,0,0,0,0,0,0,0,0,1,,14.4,21.5,polyhaline,,8.56,7,,9,R1,Spring,2022,,,,,,,,,,,,,,1.07258349,0.5332591,98.39410596,0.373179403,0.7549003,1.6052902,20.0866667,-1.4133333,9,R1,Spring,2022
9,R2,Spring,2022,0,1,0,0,0,0,0,0,0,0,0,0,0,0,0,0,0,0,0,0,0,0,0,0,0,0,0,0,0,0,0,0,0,0,0,0,0,0,0,0,0,0,0,0,0,0,0,0,0,0,0,0,0,0,0,0,0,0,0,0,0,0,0,0,0,0,0,0,0,0,0,0,0,0,0,0,0,0,0,0,0,0,0,0,0,0,0,0,1,0,0,0,0,0,0,0,0,0,0,0,0,0,0,0,0,0,0,0,0,1,,14.4,21.5,polyhaline,,8.56,2,,9,R2,Spring,2022,,,,,,,,,,,,,,1.07258349,0.5332591,98.39410596,0.373179403,0.7549003,1.6052902,20.0866667,-1.4133333,9,R2,Spring,2022
9,R3,Spring,2022,1,0,0,0,0,0,0,0,0,0,0,0,0,0,0,0,0,0,0,0,0,0,0,0,0,0,0,0,0,0,0,0,0,0,0,0,0,0,0,0,0,0,0,0,0,0,1,0,0,0,0,0,0,0,0,0,0,0,0,0,0,0,0,0,0,0,0,0,0,0,0,0,0,0,0,0,0,0,0,0,3,0,0,0,0,0,0,0,0,0,0,0,0,0,0,0,0,0,0,0,0,0,0,0,0,0,0,0,0,1,,14.4,21.5,polyhaline,,8.56,5,,9,R3,Spring,2022,,,,,,,,,,,,,,1.07258349,0.5332591,98.39410596,0.373179403,0.7549003,1.6052902,20.0866667,-1.4133333,9,R3,Spring,2022
10,R1,Spring,2022,0,0,0,0,0,0,0,0,0,0,0,0,0,0,0,0,0,0,0,1,0,0,0,0,0,0,0,0,0,0,0,0,0,0,0,0,0,0,0,0,0,0,0,0,0,0,0,0,0,0,0,0,0,0,0,0,0,0,0,0,0,0,0,0,1,0,0,0,0,0,0,0,0,0,2,0,1,0,0,0,0,0,0,0,0,0,0,0,0,0,0,0,0,0,0,0,0,0,0,0,0,0,0,0,0,0,0,0,0,1,,16.8,19,polyhaline,,8.71,5,,10,R1,Spring,2022,,,,,,,,,,,,,,14.3438078,24.499875,61.15632455,14.49297914,0.6768025,1.5666362,16.864,-2.136,10,R1,Spring,2022
10,R2,Spring,2022,0,0,0,0,0,0,0,0,0,0,0,0,0,0,0,0,0,0,0,0,0,0,0,0,0,0,0,0,0,0,0,0,0,0,0,0,0,0,0,0,0,0,0,0,0,0,0,0,0,0,0,0,0,0,0,0,0,0,0,0,0,0,0,0,0,0,0,0,0,0,0,0,0,0,0,0,0,0,0,0,0,0,0,0,0,0,0,0,0,0,0,0,0,0,0,0,0,0,0,0,0,1,0,0,0,0,0,0,0,1,,16.8,19,polyhaline,,8.71,1,,10,R2,Spring,2022,,,,,,,,,,,,,,14.3438078,24.499875,61.15632455,14.49297914,0.6768025,1.5666362,16.864,-2.136,10,R2,Spring,2022
10,R3,Spring,2022,0,0,0,0,0,0,0,0,0,0,0,0,0,0,0,0,0,0,0,1,0,0,0,0,0,0,0,0,0,0,0,0,0,0,0,0,0,0,0,0,0,0,0,0,0,0,0,0,0,0,0,0,0,0,0,0,0,0,0,0,0,0,0,0,0,0,0,0,0,0,0,0,0,0,0,0,0,0,0,0,0,0,0,0,0,0,0,0,0,0,0,0,0,0,0,0,0,0,0,0,0,0,0,0,0,0,0,0,0,1,,16.8,19,polyhaline,,8.71,1,,10,R3,Spring,2022,,,,,,,,,,,,,,14.3438078,24.499875,61.15632455,14.49297914,0.6768025,1.5666362,16.864,-2.136,10,R3,Spring,2022
11,R1,Spring,2022,0,0,0,0,0,0,0,0,0,0,0,0,0,0,0,0,0,0,0,5,0,0,0,0,0,0,0,0,0,0,0,0,0,0,0,0,0,0,0,0,0,0,0,0,0,0,0,0,0,0,0,0,0,0,0,0,0,0,0,0,0,0,0,0,2,0,0,0,0,0,0,0,0,0,0,0,0,0,0,0,0,0,0,0,0,0,0,0,0,0,0,0,0,0,0,0,0,0,0,0,0,0,0,0,0,0,0,0,0,1,,16.1,19.5,polyhaline,,8.68,7,,11,R1,Spring,2022,,,,,,,,,,,,,,21.93301,39.93597,38.13103378,6.031771063,0.6932806,2.0881422,16.55375,-2.94625,11,R1,Spring,2022
11,R2,Spring,2022,0,0,0,1,0,0,0,0,0,0,0,0,0,0,0,0,0,0,0,0,0,0,0,0,0,0,0,0,0,0,0,0,0,0,0,0,0,0,0,0,0,0,0,0,0,0,0,0,0,0,0,0,0,0,0,0,0,0,0,0,0,0,0,0,0,0,0,0,0,0,0,0,0,0,0,0,0,0,0,0,0,0,0,0,0,0,0,0,0,0,0,0,0,0,0,0,0,0,0,0,0,0,0,0,0,0,0,0,0,1,,16.1,19.5,polyhaline,,8.68,1,,11,R2,Spring,2022,,,,,,,,,,,,,,21.93301,39.93597,38.13103378,6.031771063,0.6932806,2.0881422,16.55375,-2.94625,11,R2,Spring,2022
11,R3,Spring,2022,0,0,0,0,0,0,0,0,0,0,0,0,0,0,0,0,0,0,0,1,0,0,0,0,0,0,0,0,0,0,0,0,0,0,0,0,0,0,0,0,0,0,0,0,0,0,0,0,0,0,0,0,0,0,0,0,0,0,0,0,0,0,0,0,1,0,0,0,0,0,0,0,0,0,1,0,0,0,0,0,0,0,0,0,0,0,0,0,1,0,0,0,0,0,0,0,0,0,0,0,0,0,0,0,0,0,0,0,0,1,,16.1,19.5,polyhaline,,8.68,4,,11,R3,Spring,2022,,,,,,,,,,,,,,21.93301,39.93597,38.13103378,6.031771063,0.6932806,2.0881422,16.55375,-2.94625,11,R3,Spring,2022
12,R1,Spring,2022,0,0,0,1,0,0,0,0,0,0,0,0,0,0,0,0,0,0,0,0,0,0,0,0,0,0,0,0,0,0,0,0,0,0,0,0,0,0,0,0,0,0,0,0,0,0,0,0,0,0,0,0,0,0,0,0,0,0,0,0,0,0,0,0,0,0,0,0,0,0,0,0,0,0,1,0,0,0,0,0,0,0,0,0,0,0,0,0,0,0,0,0,0,0,0,0,0,0,0,0,0,0,0,0,0,0,0,0,0,1,,17.2,15,mesohaline,,8.42,2,,12,R1,Spring,2022,,,,,,,,,,,,,,13.249841,25.719914,61.030235,3.125553336,0.6788537,2.2809696,13.59,-1.41,12,R1,Spring,2022
12,R2,Spring,2022,0,0,0,1,0,0,0,0,0,0,0,0,0,0,0,0,0,0,0,0,0,0,0,0,0,0,0,0,0,0,0,0,0,0,0,0,0,0,0,0,0,0,0,0,0,0,0,0,0,0,0,0,0,0,0,0,0,0,0,0,0,0,0,0,0,0,0,0,0,0,0,0,0,0,0,0,0,0,0,0,0,0,0,0,0,0,0,0,0,0,0,0,0,0,0,0,0,0,0,0,0,0,0,0,0,0,0,0,0,1,,17.2,15,mesohaline,,8.42,1,,12,R2,Spring,2022,,,,,,,,,,,,,,13.249841,25.719914,61.030235,3.125553336,0.6788537,2.2809696,13.59,-1.41,12,R2,Spring,2022
12,R3,Spring,2022,0,1,0,1,0,0,0,0,0,0,0,0,0,0,0,0,0,0,0,0,0,0,0,0,0,0,0,0,0,0,0,0,0,0,0,0,0,0,0,0,0,0,0,0,0,0,0,0,0,0,0,0,0,0,0,0,0,0,0,0,0,0,0,0,0,0,0,0,0,0,0,0,0,0,1,0,0,0,0,0,0,0,0,0,0,0,0,0,0,0,0,0,0,0,0,0,0,0,0,0,0,0,0,0,0,0,0,0,0,1,,17.2,15,mesohaline,,8.42,3,,12,R3,Spring,2022,,,,,,,,,,,,,,13.249841,25.719914,61.030235,3.125553336,0.6788537,2.2809696,13.59,-1.41,12,R3,Spring,2022
13,R1,Spring,2022,0,0,0,0,0,0,0,0,0,0,0,0,0,0,0,0,0,0,0,0,0,0,0,0,0,0,0,0,0,0,0,0,0,0,0,0,0,0,1,0,0,0,0,0,0,0,0,0,0,0,0,0,0,0,0,0,0,0,0,0,0,0,0,0,0,0,0,0,0,0,0,0,0,0,0,0,0,0,0,0,0,0,0,0,0,0,0,0,0,0,0,0,0,0,0,0,0,0,0,0,0,0,0,0,0,0,0,0,0,1,,17,24.5,polyhaline,,8.53,1,,13,R1,Spring,2022,,,,,,,,,,,,,,0,0,99.9999102,1.328405913,0.6648432,2.7850522,19.862,-4.638,13,R1,Spring,2022
13,R3,Spring,2022,0,0,0,0,0,0,0,0,0,0,0,0,0,0,0,0,0,0,0,1,0,0,0,0,0,0,0,0,0,0,0,0,0,0,1,0,0,0,0,0,0,0,1,0,0,0,0,0,0,0,0,0,0,0,0,0,0,0,0,0,1,0,0,0,0,0,0,0,0,0,0,0,0,0,0,0,0,0,0,0,0,0,0,1,0,0,0,0,0,0,0,0,0,0,0,0,0,0,0,0,0,0,0,0,0,0,0,0,0,1,,17,24.5,polyhaline,,8.53,5,,13,R3,Spring,2022,,,,,,,,,,,,,,0,0,99.9999102,1.328405913,0.6648432,2.7850522,19.862,-4.638,13,R3,Spring,2022
14,R1,Spring,2022,0,0,0,0,0,0,0,0,0,1,0,0,0,0,0,0,0,0,0,0,0,0,0,0,0,0,0,0,0,0,0,0,0,0,0,0,0,0,0,1,0,0,0,0,0,0,0,0,0,0,0,0,0,0,0,0,0,0,0,0,0,0,0,0,0,0,0,0,0,0,0,0,0,0,0,0,0,0,0,0,5,0,2,0,0,0,0,0,0,0,0,0,0,3,0,0,0,0,0,0,0,1,0,0,0,0,0,0,0,1,,16.7,24.5,polyhaline,,8.53,13,,14,R1,Spring,2022,,,,,,,,,,,,,,12.0239185,20.779487,67.19659609,0.418992036,0.6852243,2.0807407,20.68714286,-3.812857143,14,R1,Spring,2022
14,R2,Spring,2022,0,1,0,0,0,0,0,0,0,1,0,0,0,0,0,0,0,0,0,0,0,0,0,0,0,0,0,0,0,0,0,0,0,0,0,0,0,0,0,1,0,0,0,0,0,0,0,0,0,0,0,0,0,0,0,0,0,0,0,0,0,0,0,0,0,0,1,0,0,0,0,0,0,0,0,0,0,0,0,0,8,0,0,0,0,0,0,0,0,0,0,0,0,3,0,0,0,0,0,0,0,2,0,0,0,0,0,0,0,1,,16.7,24.5,polyhaline,,8.53,17,,14,R2,Spring,2022,,,,,,,,,,,,,,12.0239185,20.779487,67.19659609,0.418992036,0.6852243,2.0807407,20.68714286,-3.812857143,14,R2,Spring,2022
14,R3,Spring,2022,1,0,0,0,0,0,0,0,0,1,0,0,0,0,0,0,0,0,0,0,0,0,0,0,0,0,0,0,0,0,0,0,0,0,0,0,0,0,0,0,0,0,0,0,0,0,0,0,0,0,0,0,0,0,0,0,0,0,0,0,0,0,0,0,0,0,0,0,0,0,0,0,0,0,0,0,0,0,0,0,1,0,0,0,0,0,0,0,0,0,0,0,0,1,0,0,0,0,0,0,0,0,0,0,0,0,0,0,0,1,,16.7,24.5,polyhaline,,8.53,4,,14,R3,Spring,2022,,,,,,,,,,,,,,12.0239185,20.779487,67.19659609,0.418992036,0.6852243,2.0807407,20.68714286,-3.812857143,14,R3,Spring,2022
15,R1,Spring,2022,0,0,0,1,0,0,0,0,0,0,0,0,0,0,0,0,0,0,0,0,0,0,0,0,0,0,0,0,0,0,0,0,0,0,0,1,0,0,0,0,0,0,0,0,0,0,0,0,0,0,0,0,0,0,0,1,0,0,0,1,0,0,0,0,0,0,0,0,0,0,0,0,0,0,0,0,0,0,0,0,0,0,0,0,0,0,0,0,0,0,0,0,0,0,0,0,0,0,0,0,0,0,0,0,0,0,0,0,0,1,,14.8,24,polyhaline,,8.47,4,,15,R1,Spring,2022,,,,,,,,,,,,,,15.0178421,24.425314,60.55683939,3.242882647,0.783847,0.6386265,22.525,-1.475,15,R1,Spring,2022
15,R2,Spring,2022,3,0,0,0,0,0,0,0,0,0,0,0,0,0,0,0,0,0,0,0,0,0,0,1,0,0,0,0,0,0,0,0,0,0,0,0,0,0,0,0,0,0,0,0,0,0,0,0,0,0,0,0,0,0,0,0,0,2,0,1,0,0,0,0,0,0,0,0,0,0,0,0,0,0,0,0,0,0,0,0,0,0,0,0,0,0,0,0,0,0,0,0,0,0,0,0,0,0,0,0,0,0,0,0,0,0,0,0,0,1,,14.8,24,polyhaline,,8.47,7,,15,R2,Spring,2022,,,,,,,,,,,,,,15.0178421,24.425314,60.55683939,3.242882647,0.783847,0.6386265,22.525,-1.475,15,R2,Spring,2022
15,R3,Spring,2022,2,1,0,0,0,0,0,0,0,0,0,0,0,0,0,0,0,0,0,0,0,0,0,0,0,0,0,0,0,0,0,0,0,0,0,0,0,0,0,0,0,0,0,0,0,0,0,0,0,0,0,0,0,0,0,1,0,6,0,0,0,0,0,0,0,0,0,0,0,0,0,0,0,0,0,0,0,0,0,0,0,0,0,0,0,0,0,0,0,0,0,0,0,0,0,0,0,0,0,0,0,0,0,0,0,0,0,0,0,1,,14.8,24,polyhaline,,8.47,10,,15,R3,Spring,2022,,,,,,,,,,,,,,15.0178421,24.425314,60.55683939,3.242882647,0.783847,0.6386265,22.525,-1.475,15,R3,Spring,2022